,0,assignment,X1,X2,X3
0,13.218516839448831,treatment2,-4.740737681721087,0.49662477878709144,-0.6467760738172315
1,33.09378918485471,treatment2,-0.7963219791251097,-1.6966517899612588,-2.953513659621575
2,17.345267412012166,control,1.192709663506637,-2.0034532632547686,-2.3317272489713337
3,31.101348138408863,treatment2,1.2113383276929488,0.2914209427703902,-3.6542005465506646
4,39.9582459666791,treatment1,0.13578121265746468,-3.155601343530847,2.8533514781667346
5,6.203754720127628,treatment2,3.539752926394888,-0.05763162618072215,3.46561485357468
6,29.612824301706794,treatment2,-4.20354522990939,0.05246090121703961,-4.347134956131219
7,43.27749932683524,treatment2,-0.7187767240261058,-4.034690843393874,-3.7284002829872254
8,41.10373349359068,treatment2,0.9674530897859581,-2.7398799939576413,-3.9305431569001703
9,44.14435853294454,treatment1,-2.796937929294403,-1.5017371499670071,-0.32212515417699805
10,9.699282915698166,treatment2,-2.9825677373503465,1.4040672521491482,-0.1693016444824833
11,33.331022740035564,treatment1,0.05236720018549157,-1.131073488814407,2.936374544415771
12,43.960707620440886,treatment1,0.8000417887780662,-3.3770140149768615,2.0075234660715626
13,-10.133436830670755,control,4.645510800892552,8.361170216719671e-05,3.89520063946145
14,15.324084406319615,treatment2,-1.5838634732889032,0.6714412762770925,-0.7245403670388999
15,-9.496659740159124,control,-0.63252736973201,2.7655918499710026,0.35604173497656344
16,36.452420494970816,treatment2,4.537422269448667,0.4420816014810214,-4.179050777249752
17,8.13967488753632,treatment2,-1.336575983249796,3.5085050400450175,-0.9372495695204917
18,36.25637005265581,treatment2,-4.727976341051504,-2.528227610026467,-4.328556292630453
19,-20.788014519881923,control,4.938520114212729,4.7058031337717345,3.0025835113258683
20,22.603349599804766,treatment2,1.0181712140546741,2.6495986045168154,-3.3077455341582205
21,19.827970906409774,treatment2,-2.069767681805602,0.240668753003642,-1.433757188772411
22,-0.4389488065996767,treatment2,-4.543210347545999,4.831534453572127,-0.5864508064515324
23,31.752590037372222,treatment2,0.040004393791526205,-1.7645868246530116,-2.4025524725286296
24,21.383617115495323,treatment1,-1.1311011467923757,3.320168996345009,2.3674705628711292
25,2.2987755453454066,control,-1.2078943305836254,-4.869826633054494,2.974049390325936
26,30.411196067629295,treatment2,-2.306112024036988,0.826848885290346,-4.744490581503072
27,47.09945436418069,treatment1,1.6220201926832578,-1.1247657412671854,-0.029262012654873715
28,1.7171634304917867,control,-0.8509416262531282,-1.491280986983595,0.509779053244193
29,40.270571324615815,treatment2,4.729106898748249,-3.872237847619285,-1.8674147157028642
30,-17.531600026478554,control,-4.5820229018469,2.383997586209004,1.5751238765904398
31,-5.202639575866744,control,-2.8536425360004634,-0.8324655980466291,1.43841934148195
32,12.552756005233993,treatment2,1.614813267154414,-3.295228665162293,3.8165223574854856
33,-0.40086257711783724,control,2.780081598084683,-3.6604579182830896,3.6891662643207876
34,-8.00950670411553,control,2.4877787827685447,2.9858565409908087,0.43345230583902694
35,-2.8620064303037527,treatment2,-2.791620849385381,4.184586465896006,0.9208457766637634
36,-10.967260985939129,control,-1.5376209054485357,-2.3622147071998025,4.13915477165132
37,9.904219094306331,treatment2,-0.8026453869317933,0.4019151566713086,1.0844215780504962
38,13.026193266849473,control,3.2624982843415786,1.2356318456213078,-3.2328783841557396
39,-0.09379740167585404,control,0.9125735265354589,-0.1073383300514088,0.4790778009037666
40,63.800477984581924,treatment1,1.9952061979054818,-2.541888360958693,-3.133728544135198
41,64.12639012004558,treatment1,-3.894168522038389,-2.2594074746394632,-4.897499606004091
42,61.6120458099396,treatment1,1.2935972282958215,-2.0482769478025755,-3.1271345529810226
43,30.344259184433163,treatment2,-4.047119477391963,-2.1624419253474536,-2.8507561586930477
44,-2.736545476990623,control,-2.1439626608909768,-0.2859014253032104,0.49496821088408005
45,7.286226574723696,control,3.4511311557470155,4.885097007841644,-4.5113191377064865
46,48.01387697675134,treatment1,-2.6788174856383606,1.433114272482352,-3.385334371083233
47,43.9048734489268,treatment1,3.7014589336900148,-2.825975736949741,2.4175503888344894
48,27.35779201811598,treatment2,1.5302051323110106,2.988855115046296,-4.687524377347384
49,7.677916422171618,control,-2.7042597125565484,2.0462749912045917,-4.124374909988772
50,12.460052122831792,treatment2,-4.694105168056807,-1.428650663004393,0.8978199147176378
51,68.64396927958329,treatment1,-4.477772726158397,-4.343363337936225,-4.5649881394028435
52,22.968723707979812,treatment2,-1.048492415324962,1.6842704601605778,-3.019728881838304
53,42.035594026071344,treatment1,3.762664517041591,-0.6761090455515264,1.1964146370996467
54,-22.796606101685967,control,-2.0957325706501164,1.1525457346427626,4.536599623823227
55,52.28580864519569,treatment1,-0.5198528347591038,-2.9295016174668573,-0.7463270809461351
56,-1.6477410649448665,control,-0.5542573523624226,0.07617486671961338,0.25733249810957926
57,49.23740407147266,treatment1,-4.575708081174539,-3.3558091382988,-0.49772820382626737
58,-16.36691569095686,control,2.079711706189208,2.7758790830553357,2.7710299946964465
59,34.108390327207786,treatment1,0.02778752509221416,4.567475933072476,-1.6812628746012415
60,-21.949569959964162,control,-0.1854183765396673,2.4837399934103637,3.5783951843951396
61,7.549199066304568,treatment2,-0.8553994486708847,3.486845142673234,-0.5542905824929081
62,52.647641208229004,treatment2,2.1574708428635425,-4.915516364211802,-4.74798576329251
63,26.09225245108364,treatment2,4.404504935420885,-3.978620517688065,1.6196779043970766
64,52.33580349233736,treatment1,-2.167412561788792,-2.991576562245546,-1.1166581788524086
65,-13.738379093524564,control,4.259015965084993,0.7027420975071905,4.167146119578826
66,43.683600075744124,treatment1,2.0226424081972496,0.012164516870869946,0.06086833512638812
67,15.76510330493004,control,-2.8117921367062726,-4.953364772649501,-0.8216375599728423
68,-17.215057951271003,control,0.6337611033903512,3.765618684233271,1.7758484022790944
69,-26.639580132736494,control,3.4233304610347126,4.2616128692492,4.411158736336223
70,61.65397699062684,treatment1,3.1601915192439396,-3.686053945205562,-1.53369985009736
71,-24.93145038857214,control,-2.914975054744775,3.673815371565235,2.923302193062579
72,0.49076957104818086,treatment2,-1.5099835931614058,0.6914053205563544,3.051315402557016
73,3.255338646519843,control,3.3316124473397615,-2.94206323049928,2.306802005261156
74,48.658151861450975,treatment2,3.0341416415944895,-4.568709636466373,-3.928125957684201
75,34.211164547355644,treatment1,-0.6491635014117234,-2.791187781392559,3.8062206616568073
76,26.783096981537653,treatment1,2.1968753772441127,2.1300729354698102,2.6985965699270196
77,43.22070586027228,treatment1,-1.6925297383059523,-2.7138974816690107,1.263439592010264
78,-19.26874650354419,control,-0.8552075047461081,4.36781072234186,1.424524189027922
79,34.38435718453227,treatment1,-1.1309965698763182,3.5511966080419057,-1.1920741628379194
80,31.221601093586656,treatment1,-3.216901722222798,2.8165942566608138,-0.2779141258419857
81,-10.648025143857275,treatment2,-2.405195955957229,1.92399245881231,4.8048507899877855
82,-21.116942270811357,control,-2.5374641103221016,2.9024380259404525,2.6233524422405887
83,-11.807337716622454,control,-3.7996020782258597,3.3890259455900065,-0.3826109524346837
84,45.209892080130665,treatment1,-3.7421861744691243,0.36343473096068557,-2.03487249205371
85,62.88849597419178,treatment1,-3.242758067432694,-4.207618292992004,-3.0110090817050086
86,28.098016685849068,treatment2,-0.7041138094358619,1.4181176362883168,-4.126208212102036
87,43.75554830669286,treatment2,2.1573058777096517,-3.9825518903661794,-3.244009290911781
88,-12.306271664221956,treatment2,2.133215621574106,3.852636744104892,4.8313836104307235
89,35.4681767517979,treatment2,1.529069507012145,-0.22263646993624597,-4.122124451150055
90,51.35965984372825,treatment1,0.5895079469727671,-3.1884977059135355,0.1440206047122059
91,39.196489867001866,treatment1,1.0893014893439155,3.3321249012260417,-1.7624941774385352
92,-22.26044451823884,control,4.888620933197066,4.949502599677931,3.261508194397967
93,-19.284425794932897,control,1.941525454251833,2.3366979809697668,3.752688098046626
94,-10.812207906527094,control,4.5151014834573235,3.522629265975512,1.4093863977886425
95,38.99178270217833,treatment1,-4.265016152855634,1.2338471429583864,-1.4678610821448146
96,-27.359307915868406,control,-3.3522137677570365,3.931661865670433,3.248904812066794
97,18.08666161191697,treatment2,0.2663842385283335,-0.3655074384642756,-0.10698711872874433
98,19.139959169037034,treatment2,-2.39279980280548,-0.9736207686685265,-0.6333012027297
99,18.569493055787397,treatment2,-4.849438657516299,3.9290588307871577,-4.708506821524883
100,23.660928231454072,control,-1.2710711598827382,-4.041266853072278,-3.030356796499615
101,40.52178357659171,treatment1,4.424206123971432,-1.2872882833210362,2.2900080182147695
102,29.919850692222823,treatment1,-3.7383989137097853,-2.4871707829279064,3.8123529712123148
103,33.27516513120754,treatment1,4.032961504890155,-2.12364741784112,4.671131315122963
104,22.566227162581495,treatment2,1.6809933562519097,0.030067735343265234,-1.2199759135144452
105,-22.13409851538381,control,-1.6263170570354166,4.520107050830012,1.933338285892229
106,66.05880052256558,treatment1,0.3410170007333724,-4.565103020637226,-2.5244912437745946
107,24.97844152974692,treatment2,4.431707226672083,0.568601662432533,-1.4248176764476792
108,29.282307815750503,treatment2,-4.905496258621007,-2.4645173277507704,-2.457733098494632
109,29.799711329101584,treatment2,-3.293144739659739,-1.550200403228088,-2.9735094865227616
110,8.285335939926597,control,-4.37098459819159,-4.020396041137414,-0.0327249768588489
111,35.64634280594923,treatment1,-4.303394095875546,4.351535633514883,-2.9390236482941634
112,27.47418830877053,treatment2,-0.35787650040953434,-0.8533174289336305,-2.086622815670177
113,31.878779257221595,treatment2,-1.7647148517995581,-2.8840241658386025,-2.1973171222980126
114,0.9135096947317745,treatment2,-3.828949643034104,1.8925187477754406,1.4452618937445738
115,-8.161523458899518,control,-1.884705966570154,3.802989561574968,-1.1362427490543912
116,23.97367098411113,treatment2,1.1108930031886857,0.2316932617519516,-1.7494319638987008
117,22.174501510717665,treatment1,4.297904230651627,3.4820140899630374,3.4112294801990792
118,61.35617871254806,treatment1,4.542886365563277,-4.975175737319035,-0.07880899769372984
119,25.62398179008455,control,4.379131190646037,-3.65573240176861,-2.550058615858303
120,1.8671544084091316,control,0.05061920577141077,1.7842150982188265,-1.6724004238305081
121,8.757456665145757,control,-1.9363532840999276,2.757979112215489,-4.671460617715524
122,16.01455383085037,treatment2,2.8579786252172905,-0.7145971853979072,1.2900945716856036
123,39.60028134307486,treatment1,2.055030249067997,-4.0153137057858235,4.038461648748866
124,36.14228450062386,treatment2,3.2231246861774583,-1.2461856274625016,-3.0520567150414077
125,33.94247159842018,treatment1,-4.371945619441606,-1.9139107385978527,2.13191960602056
126,61.35687962732108,treatment1,3.1318171617989297,-1.7341169878276053,-2.7971011339217897
127,41.935880520696756,treatment1,-1.7260581635345917,4.643668363057484,-4.039092998229691
128,21.688281868021512,treatment2,-3.37816552356061,1.942391189527605,-3.6023650095223436
129,13.517296250759802,treatment2,-2.3337410737020536,3.031758724580767,-1.9938821614163373
130,50.16604154860274,treatment1,0.9701654887125475,0.7281228776535675,-2.345565284213309
131,29.878480578579598,treatment1,-2.5126571110736973,-2.1032450933798374,3.7594007242403134
132,54.87608252065346,treatment1,-4.812418532292352,-4.083635878876971,-1.5879004084574788
133,9.739653769496627,treatment2,-2.7969834488034904,0.6285739891572018,0.39461094574326694
134,47.182724700218586,treatment1,-0.046379971956742594,-1.9924692999664586,0.11448725338203225
135,8.833922947917157,treatment2,2.8622851675155347,3.125055814922135,0.32840887495846616
136,47.00409536016282,treatment2,3.0633521441051705,-4.657245203903548,-3.4593387910049014
137,54.34410494949283,treatment1,2.4818502766867585,-1.151301027777171,-1.8210150980465634
138,30.14242946746521,treatment1,0.7200881296698576,-1.2757948486362092,4.095299099914621
139,0.754933415114702,treatment2,-1.1302877497703179,3.3624919541727465,1.017637200942211
140,-13.076483831561477,control,4.120187774422991,-0.1594642564532487,4.585140665956837
141,22.205371553541998,treatment2,0.7670966045295122,-4.722557020139124,2.388708492176713
142,39.03468810583225,treatment1,3.6140079658233084,-4.014499905965492,4.634430408445729
143,20.828166709208855,treatment2,0.6342603610163717,2.4070191093771864,-2.759986819872978
144,-1.4404784623495412,control,4.411824956874714,1.4332845929587261,0.43318637933006077
145,18.284091285439217,treatment2,4.6139019717567304,0.5696873266665845,0.3166839194553539
146,26.167865735986116,treatment1,-4.552330379469751,0.4638896996429125,2.4436088932844235
147,7.457822432234681,treatment2,-1.3159676996798773,1.7932601358122078,0.641078118839661
148,12.67619462378718,treatment2,-2.920249836169724,0.46813923121575485,-0.24011259120745443
149,11.368546056765865,control,-1.6228037929384307,1.626352006348812,-4.388462314066693
150,-2.1851067575965994,treatment2,-1.2722857438077284,-0.6589065311453401,4.73867621457174
151,12.768111839657191,control,1.9819935457035314,1.2578862012944372,-3.4405548753898563
152,2.542165702832365,treatment2,-0.6490757360933497,-1.2876490110562355,4.4039755018461335
153,24.324468277133345,treatment1,-0.4718236881792315,3.550999869224471,1.5361185141300613
154,43.34918218512378,treatment1,3.792869554171544,-4.966645552009227,4.247882362767179
155,48.57781660686316,treatment2,4.512937542798095,-3.4506448330664794,-4.3428932394101825
156,11.084673307986344,treatment2,-1.8271664250895272,0.8555544987757857,0.24131345044883723
157,-14.875587412299772,control,-0.6487738125482787,4.126771525142097,0.6997665199255021
158,30.833788731526703,treatment2,4.341367486942813,0.7615435405606883,-3.148198058504673
159,-7.037004665565224,control,4.820787088866881,4.985032604111037,-0.535318916664485
160,28.107122638606707,treatment2,2.6243055830272013,1.3656341818458166,-3.1475602508690184
161,-7.155829818921367,control,0.7920196006823605,1.5424193463108358,0.9374037019561596
162,5.417693189975486,treatment2,0.41476638993500536,0.9187906853578367,2.0899117229357786
163,40.437549287001914,treatment1,2.709779736613111,-4.1094980370224565,4.1349549041327975
164,14.370734654847015,treatment2,-0.503749949422545,1.966211158111947,-1.1236095083328057
165,12.570299745685356,treatment2,-4.489428512452398,1.636412576192515,-1.3433943585113441
166,35.46532654081778,treatment2,0.5277996013144461,-2.3341015944272216,-2.96123919328094
167,-29.25386337015091,control,-2.037950461874699,3.4186763259199964,4.240151916739524
168,37.96828565559265,treatment1,4.785835876003031,-0.8566905263377738,2.731865694302109
169,9.03503610475072,treatment2,-3.319468794095146,2.442558911563787,-0.7579368153385948
170,41.43589171576427,treatment1,3.4409208916887675,-3.0297974094027214,3.1891554139228866
171,4.4232818023929195,treatment2,-4.276746768864884,3.4610771175217057,-0.7635106356170676
172,10.15544368558459,treatment2,-3.5925864458298307,-1.9408284910324616,2.09361933483824
173,18.55970280641682,control,-0.5371503254618819,-2.6673564117744863,-2.612345048835334
174,15.221630644055857,control,1.9317325300297714,1.4776947789434205,-4.360749039200052
175,40.78332220599515,treatment2,3.1251769942226773,-3.5981581683261266,-2.5943575558843737
176,22.908877098828036,treatment1,-4.8609617481531595,0.0625483533933382,3.5093204882880524
177,62.7934707715017,treatment1,4.297370841390666,-0.3669022555683714,-3.9725072451290524
178,29.88629436244489,treatment2,-0.2569488424525055,-2.0954172893693324,-1.9060271946176233
179,-11.32531571783611,control,-2.570409098960681,4.536915489132355,-1.025896707255706
180,4.045475825792651,treatment2,-4.964265665349309,-0.04737837541122669,2.0019774714775167
181,-12.504392950703096,control,3.152703162348695,2.5338682934208308,2.0216226594975852
182,44.91870063343583,treatment1,-3.019043718505662,-1.498946225739044,-0.40527937308721373
183,14.651988952241354,control,-3.630376515132434,-0.7262253058204546,-3.9851184345392863
184,15.151716738814308,treatment2,-4.127443847938971,3.3618572769793627,-3.310524415820609
185,-5.323439301951504,treatment2,-0.27131587909774524,1.2491239816092525,4.389688839704707
186,33.97180256224977,treatment1,-1.9367677449763998,-3.188785516844197,3.7542134322624676
187,34.87432631091422,treatment2,-1.9641420225094128,-2.2234692741251005,-3.4987210364010357
188,55.11054388930062,treatment1,-0.5531817775774037,-2.6852527410364893,-1.411384032550683
189,13.112555084839624,treatment2,-1.6635342322480797,1.2488756978281979,-0.5429780291320512
190,31.653882996994785,treatment2,1.779434434790586,-1.9914313098923797,-1.7761820393337957
191,44.134641507467876,treatment1,4.982795301717683,-2.6172609218078757,2.62861478793503
192,29.508493328924153,treatment2,1.9958668305336316,1.478406511531122,-3.7843840074831228
193,5.342345896582289,control,-4.944276827335342,2.4555325833145227,-4.169715011076328
194,-35.20892914547015,control,-2.572808796564212,4.892276317622745,4.661141753860624
195,19.696831403040942,treatment2,4.213247498180932,0.8326447943455886,-0.43767963295089984
196,2.473768911131793,treatment2,-0.37662397988281615,-1.6026085175012628,4.6735330216505595
197,12.62811301091038,treatment2,3.159795485724871,4.919252374110123,-1.9911828661701092
198,16.135219840636776,treatment2,0.7985072535648268,1.8206786115580096,-1.1637084545680851
199,17.763810374582356,control,0.841780001239667,-3.034827816942286,-1.8613179589742535
200,15.368052214451508,treatment2,-3.6505316791764466,1.4277870927199343,-1.6585702018884296
201,62.59499865206868,treatment1,-0.7516376433057284,-1.1943372104420846,-4.4725016893607314
202,46.11565668929475,treatment1,3.958538507864123,2.2747467345995673,-1.75966804462261
203,20.290648286827597,treatment1,3.986993194285377,1.7562322191298305,4.916711272492545
204,43.35722222869081,treatment2,-0.3678703816137503,-3.903921255527848,-3.7840148996653964
205,11.960372508065468,control,2.4647160712368876,0.7874770447052484,-2.831905105590431
206,27.20460084287995,treatment1,0.4759589849721859,0.2980387872206993,3.577763335707875
207,50.868984426560424,treatment1,-4.469237556872568,-3.8694864641051394,-0.5739890408697521
208,-5.368840269518328,control,-3.6058290674383917,4.887424438770978,-3.0174742524757403
209,-7.623315595721908,control,1.196329894539212,-0.5634301599414284,2.8167435710264312
210,43.774117970183454,treatment1,-4.473704314981983,-1.7560493598321991,-0.30227383924898454
211,7.192031617444979,treatment2,-3.8636607530451847,1.4117730943034221,0.3421465667798014
212,13.787110893873662,control,3.2680861034960618,-0.5771494452106989,-2.049791969079273
213,5.344925133949835,treatment2,-1.841078553150913,-2.6434996988178083,4.329852707799104
214,10.002170232671748,control,2.987126238028707,-1.5654172219582794,-0.5016612481249165
215,-15.226050823298081,control,-3.9889000162335,0.8937964446353419,2.2890647513098097
216,-6.9964950904043866,control,-2.7204720505067668,-0.5798466484961189,1.7484760104540573
217,26.751966176179405,treatment2,-0.5735648607196966,0.5054544081481973,-3.051507435094515
218,57.14280425510718,treatment1,2.9499818102984374,-3.903873335724347,-0.29285281824176135
219,36.70583776945419,treatment1,-2.0888388155354387,-3.946101358561566,3.5554297989715504
220,35.28044281403722,treatment1,-2.9980365620782665,-0.3073221709775389,1.127589268331601
221,38.72861289978706,treatment1,-2.3038779398430878,-0.2033636213720582,0.3046885442904177
222,55.13103243041078,treatment1,-0.5518312836114871,-1.3684134642031198,-2.4397858355275925
223,11.83102370813739,treatment2,4.061733781533665,0.09480102257983791,2.013419421870023
224,49.20941834051748,treatment1,0.34014585545022413,-2.139377184116186,-0.2135527209319097
225,15.676290374111066,treatment1,3.232138906409892,3.7599293503306868,4.407954115625159
226,17.279283374587397,control,-2.840838071904085,-1.5478446763582498,-3.8105205888900695
227,-6.803695484999895,control,4.8825524172406,1.3101141499190705,2.0487485720555014
228,53.13839259516563,treatment1,-0.6926204473824304,-2.5644926169986526,-1.1277088149475034
229,25.67964866195938,treatment1,-2.113116483359777,0.32404014089130584,3.1622092079338167
230,63.696873422535,treatment1,3.3178358296443076,-2.1377979164943928,-3.2241792604179698
231,33.552741977185384,treatment2,2.2312589019138898,-0.8297347863583413,-3.180484222695825
232,70.14815132699474,treatment1,1.0434693729584277,-3.8746453169225847,-4.04482394453373
233,46.717957637425876,treatment1,-4.87948802039144,-2.9291334830648754,-0.20991745701672304
234,51.03810979712348,treatment1,-3.37690399982797,-4.3131244489661436,-0.07488515767942872
235,46.08057575086807,treatment2,4.031454513461755,-4.884991053004559,-2.7192180694505463
236,-12.903990761449846,control,4.013201122064952,1.3423877584391786,3.3047305119138493
237,44.12814098488345,treatment1,4.093094685462464,-2.81253195202243,2.3953462523981344
238,-33.0066924855808,control,-2.3898357079642563,4.384310263601531,4.571495206696138
239,22.183745982099072,treatment2,-3.397876016751428,3.1225408304046987,-4.528703227709646
240,39.01671281866784,treatment1,0.9940007790515928,-0.18071106758943145,0.9957921171262027
241,7.45819894039182,treatment2,2.599185932484053,3.7002577687079725,0.03021410944492864
242,42.79979738645392,treatment1,-4.26339002874078,4.137639863570067,-4.392181714954548
243,39.79343706684093,treatment1,2.9447127649539677,-3.787612063061051,4.026319203789857
244,-7.180684378166407,control,1.3443794667730868,-1.898250511999846,3.6514448887806434
245,29.21154127400809,treatment2,-3.196094243747253,-2.8443176288263103,-1.741091502479656
246,6.881832840354109,treatment2,-0.8616494874778811,-2.813282385969418,4.19710387507836
247,-3.948449669557957,control,-0.5958774893863055,4.518259480303293,-2.4674906025544585
248,-12.290852526901158,treatment2,-0.31447333925289644,3.0160178088414415,4.893351845665071
249,-17.046025312694642,control,-0.5025786002756067,-0.2999041083856637,4.406689578647159
250,-16.643543301845636,control,-0.6779701472007291,-0.5955521304844265,4.531483167760262
251,34.53442296572414,treatment1,-0.03112002381339174,-3.737673517726315,4.4145648686314996
252,29.844375090386407,treatment1,0.014757912800512862,-1.392937064094626,4.006979568746576
253,14.326739291408346,treatment2,-4.828592378216909,4.476249676938954,-4.124935551506539
254,24.960283698864096,treatment1,-4.245002892376459,4.422592926414502,-0.22033988927665948
255,-10.267159859816866,control,-3.2029429063089987,4.822646644021354,-1.647839074947992
256,27.676331161931554,treatment2,4.413393459469507,-0.405088032686197,-1.3206668601367477
257,-30.773913831515166,control,0.7333575903778016,4.105218912042584,4.800861831735325
258,7.634944878024041,treatment2,1.9572694769728898,-1.3169423588063136,3.6359418066302283
259,-4.840126435598266,control,4.243194361012293,0.42922908343841026,2.1155080481553004
260,-7.131748524868493,control,3.7149890292957757,1.8448133015254067,1.5043233003022447
261,6.772776807303046,control,-1.1928282838918438,1.0040954949517005,-2.5681773056641655
262,47.31694214503192,treatment1,-3.801193529767364,-2.414675552067873,-0.5376277480013254
263,-2.7953511189752662,control,-1.5543599845857372,2.0197734063567925,-1.174722001638976
264,64.37239372857688,treatment1,0.048616050883527606,-2.0914422094565044,-4.109738079514881
265,53.02439000066376,treatment1,2.1679540185967614,-2.7588957188111483,-0.3455858547263606
266,15.208161508053271,treatment2,0.9395606423746976,1.7262239187866326,-0.8525691580620975
267,-18.800284064546478,control,-2.208999213561109,3.9277819939581047,1.442743144075572
268,4.0088247292698265,treatment2,-2.519718675808166,2.680937337729782,0.3680902504100878
269,22.95013645728854,control,-0.8023103985605937,-4.026091007400559,-2.7783852278054653
270,22.119709635691947,treatment1,-3.945755417283471,1.9722939498460175,2.4763083756442317
271,42.40940092241,treatment2,-0.6425325400652984,-4.457055107148873,-3.3006346538090736
272,-2.5548666590450058,control,4.44905791748406,3.9191557773446455,-1.0173989742759062
273,0.9392707937743798,control,-3.5856429591976138,-0.5652746264674535,-0.6647702086110989
274,-1.2037052535301018,treatment2,-4.804612568285588,2.189916241768497,1.574379737614736
275,-20.97683729028015,control,0.8658448549203923,3.069426929025779,3.208176492808416
276,56.59236268424317,treatment1,-2.858530976799104,-4.297423264967052,-1.3122415823921307
277,46.66463072175155,treatment1,3.8129469244852245,2.7552123174189163,-2.4463069759393044
278,50.356786929751344,treatment1,2.334519729310137,0.6666347189739437,-2.2350537190513045
279,31.54192845762463,treatment2,2.2064732354164036,-2.1645333634153188,-1.584303466807552
280,39.15816887348054,treatment1,-2.975755565150009,0.5786100881632379,-0.5165635951106227
281,61.46818331312881,treatment1,1.3231091983396333,-4.894878127055108,-0.942657334810713
282,34.29564818714215,treatment2,-4.6244857768881165,-1.9494697203565003,-4.137335613808767
283,15.651597160912795,treatment1,0.4553948002739876,4.204465606015443,3.5435468534193486
284,41.00253966174294,treatment2,-0.0874367268730829,-1.558149334002711,-4.977909600531598
285,52.828434885864034,treatment1,1.4461034810830675,-1.7797232813021777,-1.089980377575598
286,24.260412486323467,treatment2,1.2218524624576315,-3.1549573543080967,0.6113169716415285
287,5.992701897890015,treatment2,-0.5026105569080936,-1.2345326499669063,3.3777381355045204
288,37.274890780257195,treatment1,2.3109538181909457,-3.4186050418250415,4.116280842532149
289,58.307809941134074,treatment1,-4.980760575337651,-2.568175235272715,-3.629293064431641
290,34.69473247378344,treatment2,-1.5862690862341475,-3.520108479404027,-2.1882653750130574
291,25.646579262149036,treatment2,-0.9954579394123755,-0.2661404345166849,-2.3015118117082056
292,31.079610857920454,treatment1,-4.320218389730895,0.40558963253725633,1.3338463568428294
293,47.650210336606506,treatment2,1.559472667421736,-4.7132124761659,-3.941373490844974
294,31.39211326847186,control,1.6826350465827176,-3.9742995998875563,-4.334093387171372
295,38.387391918235316,treatment1,-0.4831330384642163,-1.3525852572958108,1.7334291616338788
296,53.785913614461634,treatment1,-4.596886595176456,-2.746882196136303,-2.148146795095859
297,52.39907932930523,treatment1,-1.7473188769938366,-4.920660626639438,0.5088286268506304
298,1.6272996865083251,treatment2,-4.869980422411279,-1.9943656145656972,4.098260960467661
299,10.717266061409482,treatment2,-3.4180475986187564,1.3836193757356616,-0.43460086535590214
300,18.8405788825519,control,4.249360588910813,-0.5930537569571861,-2.9734949419628434
301,13.960429035433322,control,4.956570373048324,2.2394345689983677,-3.703298519706836
302,-8.381147157401644,control,0.28206532683125474,-1.9374578701387088,3.8191081319588385
303,-25.917701893749985,control,-3.3904553038774177,1.4389360075598692,4.57581682153236
304,-14.326834278800158,control,4.088287728057496,4.004915752987145,1.6358886161833244
305,65.60006996103526,treatment1,-1.9695377190594945,-4.25096810972115,-3.2814365804955448
306,14.018002554821113,control,3.935934929285727,2.0790938728753723,-3.9564110877122607
307,18.502169029539292,control,4.720334777264444,0.09892466791937693,-3.2819500497311127
308,55.30294413656528,treatment1,-0.20395765772187602,-1.0081778269247077,-2.8612004054556084
309,51.07717593220724,treatment1,1.329369814435788,0.26093867161471795,-2.2588251179565466
310,24.96136843438534,treatment2,3.027722584149071,0.3880904844629409,-1.6056445707262346
311,26.830326400554494,treatment2,-3.4218671333196706,-0.005425671533435761,-3.4603660960547256
312,-11.47557607861873,control,4.155751306731023,-0.05078789095305325,4.1273081027419405
313,15.222453314796935,treatment2,-1.8012406202222007,-0.3974501338432379,0.21365533018533434
314,61.21033191866405,treatment1,3.9834396470981552,-3.73051543672023,-1.0137548411507726
315,-28.267580958044004,control,-4.156298820960231,4.143371626793041,3.165558714646764
316,33.847728227066405,treatment1,-0.9943711126579826,1.6883973536537482,0.4303874086023285
317,12.199078466213544,treatment1,1.1178433489982584,3.5218337629146177,4.864786207905855
318,-5.567742020200731,treatment2,-4.191102115474621,0.6788995861181775,4.032549715047772
319,37.150274801223986,treatment2,-1.03479538601283,-2.4537348976940834,-3.6881830337189268
320,15.360845564084626,control,1.2522047193762003,-2.8897929053411953,-1.216633231991433
321,18.070855754275872,treatment1,-0.9875122026747114,1.244473303634984,4.552651256131352
322,37.296727736192075,treatment2,4.88572361790297,-2.0106588303753528,-2.3548440386339675
323,22.322118678529545,treatment2,2.202579498312028,1.8959949281608104,-2.2864406098787935
324,7.501068175562351,control,4.459771445389443,3.013751894047731,-3.013739357005333
325,11.625388596610525,control,-0.034491243139937566,-4.0770443192362125,0.24950377905144538
326,68.98210461417587,treatment1,0.6941144318033707,-3.1866448118101687,-4.254220909194581
327,56.80570739501291,treatment1,-3.199200754128438,-0.12195083890467195,-4.440665592722345
328,49.86682207730723,treatment1,-3.259636702274519,-3.058900389812149,-0.7089615019633113
329,39.720515017402995,treatment1,0.36215541983935484,-1.3248379164241006,1.4539391091299114
330,-6.621591343746297,control,4.320506005232922,-2.670772954393347,4.900202824416986
331,17.821904910254023,treatment2,-1.6632823035416076,0.985046717827629,-1.4107986634790737
332,-20.175217601108592,control,1.8039148380395833,3.5319981206173985,2.9284252810341327
333,30.06383784703742,treatment2,1.2184259422872534,0.655790165051017,-3.473290378992143
334,-16.61727409534362,control,3.1343684904821743,4.83461979939352,1.3357515037714602
335,37.165837951192756,treatment2,0.8143752908845983,-3.5140870205909613,-2.233265836495403
336,29.590952382763422,treatment1,-1.3947729993482385,-3.0828996126833,4.9039372850062115
337,38.38884405218818,treatment2,4.232690293671901,-1.2792463110779329,-3.5484436950245035
338,49.11169611671895,treatment1,-1.0442650852623734,-3.3569552765701527,0.3821899512654827
339,46.97052650055796,treatment1,-3.2164571504068515,-4.5095565313559085,1.1433922076598977
340,9.039972078113411,treatment2,-1.1899451489352497,1.8347489252060543,0.2250322462207528
341,44.81985172818592,treatment1,1.2763107342269366,-1.8150748809246076,0.8222768420304574
342,32.97783410277632,treatment2,-0.05427007803172401,0.9431700834188277,-4.923163179558156
343,29.86579712418887,control,4.648979116352258,-2.648924561805371,-4.233143778176684
344,-24.296520366785856,control,-2.0517754870206795,1.9293464711472872,4.327334720570601
345,-4.115498191533789,control,3.4415094111907845,-1.7330637525768156,3.321709215829122
346,37.01765615510248,treatment2,-4.456041631152944,-4.071695362623164,-3.136524698636285
347,10.90627317773702,control,2.877663456138179,2.242438157483649,-3.6886216061336596
348,22.62484206572116,treatment2,2.0812863997060536,2.617781810034896,-3.091395477129326
349,37.78988149651479,treatment2,1.7069717394402693,-0.9439943287699482,-4.265920182875204
350,1.6713633754105197,treatment2,0.1745451027902103,-0.07432799224135778,3.8190869753630263
351,-7.681950354184225,control,0.6019172436099707,3.402487318957162,-0.4674339952425388
352,23.5592461632062,treatment2,2.155395748580899,4.6986399907990695,-4.788844583171985
353,7.20416209236016,treatment2,-0.4869351387586507,-0.7014572389506277,2.800699914779802
354,2.129440331441682,control,-4.814615011791567,0.7985285689047803,-2.211756834025026
355,30.02384462444715,treatment1,-0.234214775283359,2.172544240447256,1.2989604064387725
356,34.10194472429563,treatment1,-2.538035909890657,-2.945939872656692,3.5065640281212147
357,-20.569276954875875,control,0.07535459321037496,4.795599539218003,1.6352071705494833
358,55.71195100541574,treatment1,-2.743283985293792,-3.306388324725924,-1.757375802867963
359,42.42075430837035,treatment1,2.6368505415065204,-0.39741548057999143,0.6792868369498848
360,58.09678903998295,treatment1,0.9520582826388075,-3.2543628611626643,-1.5683080209947575
361,5.338637374005596,control,-2.054963173168809,4.362808605548839,-4.924452237230902
362,54.803850253511534,treatment1,4.561787972184321,-3.588179496672561,0.44132329872512877
363,34.47081794892552,treatment1,-2.374431237642244,-1.9558337068426423,2.626648292081758
364,23.006084218408517,treatment2,1.910556395190345,2.6539610693591484,-3.1095321879226825
365,21.3122179791469,treatment2,-2.9723911188071273,2.5771397789844883,-3.7871468260396246
366,7.530962093611042,treatment2,4.0720029450285615,4.237278685548937,0.05144568996359489
367,1.992907179382768,control,2.032941537203996,-1.6551232848829232,1.367722605778523
368,47.43516154258267,treatment1,-4.749791799759905,-2.8071916860747104,-0.46291534708800164
369,-34.36341334629032,control,-0.09781610792237494,4.857320408866141,4.989014321048792
370,36.23945173223791,treatment2,-3.7690265388504263,-2.2384479732399063,-4.1741416520608645
371,-0.9950428832267626,treatment2,-1.5858308133701549,4.4891799936146946,0.6978260730024264
372,19.274084146129344,treatment1,-4.600464788240561,0.20631063827873675,4.330973092437727
373,23.87172945724889,treatment1,4.72793817486426,4.118584240014497,2.592627558464896
374,10.553331707145615,treatment2,-2.484360517727302,4.005556371818463,-2.028292061021525
375,76.59824527063913,treatment1,3.7762886189635108,-4.586019947596451,-4.435888456905475
376,58.955633577075595,treatment1,3.031589867972329,-3.932913721403958,-0.6079280767470641
377,27.18992260342771,treatment2,-1.5684446355026296,-2.2209247614337633,-1.3794874492490496
378,1.3138296593510035,treatment2,-0.14338202156799174,3.364316822527515,1.1718371225708957
379,8.651173283260961,control,4.073682661518651,3.3670954397648902,-3.5386891816210264
380,25.00116187725031,treatment2,-0.7723568500567666,0.33013123635404185,-2.4424222800127184
381,-1.8799073418381425,control,0.6628623411616648,4.74220864213858,-2.7477957914819227
382,-2.041258019949447,control,2.8456277941606807,4.949487819054584,-2.4594330188610067
383,37.691552682718424,treatment1,3.5606149391787696,-3.260979459958814,4.220077491054214
384,5.411260307782315,treatment2,-1.9578617470346749,-2.2198967705856685,4.047349421426054
385,30.078056097836612,treatment2,-2.08833009653862,-2.7790452058741497,-1.9066439065776009
386,71.8569590733434,treatment1,1.7346491743187373,-4.783815434814629,-3.4618361347617532
387,13.80722036862436,control,-3.8906885880604527,0.2332517022566396,-4.487135498029261
388,41.849542180225384,treatment1,4.206489383923579,-0.31688088744538945,1.1521407830596466
389,26.802740839265923,treatment2,-2.9932419693353793,1.9585444117471624,-4.760209178557583
390,11.73063266819849,treatment2,-4.214884648174431,4.126258822700576,-2.8495042202343956
391,52.95189587505212,treatment1,-0.0967617069275093,0.23113875408947493,-3.1463111512587396
392,43.09853608036442,treatment1,0.894972138117053,-2.3872031337512576,1.5572496405023788
393,-0.3643543442410283,control,-2.4276336360380126,-0.6749797039589076,0.007597434264429381
394,39.783646193700655,treatment2,-4.806139182701524,-3.9134665416908843,-4.115580310343186
395,-20.01465880636011,control,-0.4963012733190828,0.375232153637409,4.767732687444159
396,-9.653416587760178,control,-1.5505466098383613,-3.2114465791440994,4.671928129805215
397,33.89317886117309,treatment1,0.35601390820834133,4.626562838855122,-1.4829087749292045
398,-5.520450867882817,treatment2,-4.2553682758348375,-0.45991222725158565,4.789061753822562
399,23.722103734654073,treatment1,-4.284580126728059,-0.24178568899970365,3.487979759362574
400,22.15033625375274,treatment2,-2.8901330025978664,2.921599611029504,-4.353493350552143
401,30.732594135862268,treatment1,-1.85281920517426,-3.2932652007932317,4.743510099518712
402,-8.81609424494551,control,1.068531894491115,-2.210799480313268,4.224811374351784
403,38.30597592976964,treatment1,0.5387291569962152,-1.4393167074320115,2.087192638539781
404,5.944094028780611,control,1.7498918407308182,4.622424982296733,-4.387811711055253
405,13.242565341901116,control,3.7724707091915946,1.5183930078747654,-3.464551964589795
406,38.63394078566001,treatment1,-0.9239584339688269,-4.431271352105295,3.7051060076481726
407,-3.580957590080345,control,-3.9978241470252076,-2.807218336712689,2.0867975659146065
408,41.53975807371483,treatment2,2.6096071872957616,-2.829665822274107,-3.4473122831737655
409,33.605479229077226,treatment1,-4.748255734275722,-4.201142342622255,3.8235245538519784
410,-10.319709565967173,control,-3.208779873063554,-0.9642098350429453,2.7003543002091384
411,-6.349527404289838,treatment2,4.8307812135575805,3.7251205711513595,4.227803485581097
412,2.4394679642161528,control,3.3199382398880637,-1.511453310110149,1.3717117104639795
413,42.22610158600129,treatment1,2.072908114399099,-0.8720278041662564,1.0336569219931633
414,-6.261059406974418,control,4.708656283837975,-1.7338033110789821,4.205250328911312
415,27.313932512220227,treatment1,4.873342434505041,0.8694970458421647,4.150484707247768
416,12.239258258969999,control,2.436668469623151,2.187416581258436,-3.868552145255202
417,18.701183555295135,treatment2,2.4628052989294336,-3.2104398199551643,2.5700372516498007
418,13.300817982983132,treatment2,-4.402200649696186,3.7602468679645646,-3.130951237680477
419,8.308453834859803,control,3.5815343699751843,3.9552387799708626,-3.975630336306021
420,-21.128510239474494,treatment2,-3.8417108423228363,4.751069314166164,4.842164375946954
421,38.285333696411826,treatment1,-4.037085229942337,1.360091011696337,-1.307074184956618
422,-20.591384105265977,control,-4.410269007676288,3.5177309940599795,1.635825751903961
423,0.9561015711247871,control,-4.394528277729456,-0.46686307662118764,-0.9320054925001635
424,17.44241318092763,treatment2,4.849930426685168,4.945513275148215,-2.7339315984659796
425,16.866736916334492,treatment2,2.630792691990626,1.6273634614176649,-0.6567649324340161
426,63.675680515763176,treatment1,0.7577373184420217,-0.8980386250011261,-4.607706945581956
427,-22.806719822141925,control,2.5487411342271358,2.9568534361697374,4.351169796032696
428,12.891671480928832,treatment2,0.21083165752558664,-4.334080262899763,4.266612943989905
429,23.30579463351898,control,-2.4894069189691237,-3.6816407899151127,-3.5473958445016973
430,36.87775382496442,treatment1,0.911642232160732,-1.0923797455655135,2.0803921721753085
431,33.767304589929296,treatment1,-4.16632004114911,-4.835363720553831,4.6026411950167745
432,36.3306418832845,treatment2,-4.0920649601432935,-1.5436677869445337,-4.812133590858615
433,31.03401727576748,treatment1,3.83464655218598,3.4684177615334253,0.8854978509336151
434,21.746352127705613,treatment2,-3.4137168288068445,3.015171578227175,-4.3235813863875014
435,26.67858060370905,treatment1,-0.42888050787653587,-1.8417197580374967,4.971353677713836
436,13.6646636070444,treatment2,4.777412921273239,3.3107919683020075,-0.4894115676110058
437,-3.4657558978595224,control,0.02599896313102068,0.5159485048389767,0.590255353420015
438,38.6015329514156,treatment1,-3.179144616348002,-2.9871806203285645,2.06138469392725
439,-3.833798122857489,treatment2,3.4616250000717024,4.595108930694833,2.608453487966739
440,46.50454106733533,treatment2,0.5483473572410613,-4.144229471484399,-4.144653187098715
441,16.03623761972619,treatment2,-3.474226736718613,2.061830349266728,-2.2183692245628683
442,36.4822498215379,treatment2,-0.7674831220573841,-3.4757938525815337,-2.631789846794411
443,-23.699376457244245,control,-1.29145372582094,1.13431548343788,4.7770731908951465
444,23.847304929575415,treatment1,-3.728132545746642,-2.0672416741281276,4.966047711983432
445,-10.079952252086473,control,3.8312935346667967,4.555219019503374,0.29144703236134717
446,10.424794547757244,treatment2,-2.6422816630998014,-2.9853629050142394,3.0387638804981343
447,-5.693624889491863,control,4.314150208726028,1.1689997751508034,1.8641026243770167
448,49.786470936672664,treatment1,3.8369651410734935,-2.426413072764022,0.8147518427927567
449,11.7281513825821,treatment2,0.6665445186917607,4.228900617161987,-1.7623664908701855
450,33.665699859656215,treatment2,-3.619974134412333,-3.962261289092328,-2.168939088274363
451,39.39180849017621,treatment1,-4.3501405248704845,-1.9365510928510785,0.785052900834474
452,-5.177668960544471,control,-0.5405070722119465,1.4524266908322296,0.24066288134439784
453,-6.33527071454835,control,2.5682977878254656,-0.47431874828856824,2.73753077736802
454,-1.9266737082423129,treatment2,-0.26130830221664514,2.262129746825056,2.7499645491097056
455,46.75726994640842,treatment1,3.543417343178005,-3.389157399783993,2.2330350877256304
456,11.812198877747914,treatment2,-4.8901955972439985,-1.000696493197851,0.6560845405711717
457,36.3414683195912,treatment2,-4.7049150979457055,-4.616091946489083,-2.6073060322879646
458,46.82597561725952,treatment1,-1.4486456355398825,2.0044718162808906,-3.0939987547228265
459,-5.659940633213704,control,-1.037642629015556,4.05325101313905,-1.7736044660375425
460,34.59477536817869,treatment2,2.6567564610961796,0.8558968593287215,-4.466989782148519
461,23.017405868441376,control,4.727510194643017,-3.897063750176999,-1.582653660377674
462,11.019186028426356,treatment2,4.519059159905053,-2.5674585779260726,4.49326506105437
463,66.53771847284106,treatment1,1.6050406283596432,-3.0776728031352842,-3.587508606742346
464,38.4985016380196,treatment1,4.820499721840054,-0.5169337564862122,2.3049731489933762
465,28.67356355229365,treatment2,-3.672468014845376,0.06781170453177854,-4.054435395433096
466,74.28509474400279,treatment1,-0.03861800962862816,-4.901768096933894,-4.582122177353551
467,-17.541079159608078,control,4.140586072444268,3.8958191122844816,2.72571384180568
468,42.748659809751686,treatment1,0.29541977696539234,-3.3364818415220876,2.38206860915051
469,18.461931297158266,control,-2.859010440767401,-4.419839196371451,-1.8431923845101683
470,-14.31289296002492,control,0.8552633366785898,0.8182728984183942,3.3124950285310444
471,27.92534344896789,control,-1.0805061641085203,-3.503772611630529,-4.60259198653726
472,19.436820283912866,treatment2,-3.01986511826257,4.342182304429377,-4.627808859895678
473,32.14327760292712,treatment2,1.3826201926174697,-0.6353598219966052,-3.1295115705865904
474,16.85553525728989,control,1.736933743788347,0.9482388969283946,-4.331540843419399
475,41.485277931898956,treatment2,1.639109688369075,-4.235997663903985,-2.762624341536648
476,7.236933921911597,treatment2,0.6963130089047258,2.1632180783011234,0.7831656269773326
477,-20.128955526025045,control,3.976681706338912,2.003775126869206,4.700233373007057
478,37.14309838104547,treatment1,-2.2567175694959274,4.848298418897139,-3.05440583697831
479,21.672375835228234,control,-3.073536581737617,-3.1021969379771397,-3.8194380346883583
480,4.021300350450304,control,1.255413817104741,-4.954718746506855,3.0757141902979477
481,32.378065355790305,treatment1,0.9904036450234663,-1.9713291392590993,3.908615623178063
482,32.99745006044451,treatment2,3.428253374360226,1.3172016222098328,-4.243492934770062
483,-14.602737021540628,control,4.648365327076297,1.186351410071623,3.939828050969089
484,35.803008564567556,treatment2,-3.3701538956505637,-4.728290722126958,-2.0079128427917006
485,-22.06493358485612,control,2.8370141452650612,3.2337109780257087,3.894453606733478
486,3.256506552277023,control,-1.4743355512227319,3.181094217496508,-3.449791999042928
487,46.51005352014685,treatment1,0.49572769703975617,-4.493579203020318,2.200092019711091
488,45.537385493255535,treatment1,-1.3799039579068406,-3.92120413065728,1.6494159144880571
489,10.265260782252966,control,-0.739953606617215,-1.807204986216695,-1.3501056949099164
490,-9.060828613424789,control,2.6495018173295133,-0.9208266372366012,3.8075171528471703
491,1.4307908952685287,treatment2,-3.473109594250378,-1.130171740241026,3.691194927537582
492,22.18612286443935,treatment1,0.9718067012656384,2.248740856147611,3.4051347536185688
493,34.95941747365591,treatment2,0.25092830145931355,-3.767475975005853,-1.7676843430700098
494,20.51606092898062,treatment2,-2.3496376747284975,-3.4468174494564394,1.0540354169970092
495,-11.793616191579748,control,-2.862678441343667,3.617310473093797,-0.4491152934097933
496,27.42304166144385,treatment1,3.0252802250217155,3.463532341233977,1.602197691937965
497,-7.968998034416355,control,3.1893854221021662,2.8948378552395138,0.7927310018238662
498,49.95718562649381,treatment1,-1.7274744396986899,-0.8773315132376087,-1.964288836319945
499,26.291578899891782,treatment2,-0.16060922238917996,-0.9727573672830649,-1.674894462026658
500,29.57812094546063,treatment2,-3.8818932961010044,-0.8658354759545395,-3.6027789192992277
501,31.195744440853982,treatment2,-1.3611630278913278,-3.924067047751705,-1.167631021045664
502,22.915945927557154,control,0.3769214190538994,-4.254842209628461,-2.4314651271484355
503,19.83966362319891,treatment2,-0.7345393379513183,-2.2736132637880866,0.6312738690512703
504,22.765657483041622,treatment2,3.1113986983355364,2.8249115568290524,-2.9145014138517955
505,0.6680040921025542,control,-3.0133767791580226,0.5808641222981699,-1.3326807396673823
506,1.520060115934235,treatment2,-4.531474693944411,-2.683650795503072,4.644957051464701
507,44.069421115227854,treatment2,4.700764270058823,-1.432249785499693,-4.582287098443248
508,69.39264721726316,treatment1,2.998744622693801,-2.193403941479249,-4.481767529014053
509,32.522330987542134,treatment1,-2.5547468040693557,-3.477394147840095,4.099279438019558
510,20.32842528240712,treatment2,-3.050806214938797,2.4933869322448174,-3.585119877003496
511,-4.15033185099692,control,-4.2366325979569535,-1.2853269153068125,1.1011971066785788
512,9.252693576179345,treatment2,0.31349108910031287,3.4139807317738917,-0.6361268288658808
513,45.94899544799545,treatment1,1.116596414747387,-4.403796212725873,2.4523514651540967
514,8.799454251399048,control,1.9520793103799576,3.1191996874013146,-3.9578273114459073
515,30.945847146493968,treatment2,-0.3801470083471088,1.5423973325970861,-4.916952748564042
516,34.75680358362942,treatment1,3.511911013000022,3.207180142960942,0.12979910800408767
517,-23.689023949736583,control,-1.5401288269345725,2.29049021422494,3.8966095201248994
518,18.540074782722844,treatment2,-0.05535065882824064,3.8522331784752364,-3.52232536497549
519,13.802389787070249,treatment2,-1.6919801193879405,2.178439247690789,-1.4006638761521084
520,-7.089354227154756,control,0.22410854863290908,1.5478695205182191,0.8923124807753267
521,55.59365369617689,treatment1,-0.7180492350667507,-3.5947962173540926,-0.8868528213610647
522,-7.305828484193281,treatment2,-2.7365749116649765,3.1253090700018618,2.900386574989354
523,-10.872665285348809,control,-2.845444409877876,0.8307555157142552,1.5997163916640575
524,3.5014477693563917,control,-0.721392735442203,-4.140960526600638,2.257803446771436
525,24.16406368015793,treatment2,-4.1467211813272185,1.812390540806411,-4.1963751236819355
526,53.185192643123976,treatment1,0.9104651344006696,-2.2277261074632504,-0.9586839414928203
527,-10.755218280174862,control,4.858998346319037,4.502818537195285,0.7751557577211807
528,-15.19386829024132,control,1.8874146609444384,3.049258102060067,2.1904537085214892
529,-15.113453677166316,control,-3.6978555351391593,-0.42293001486262405,3.335651920874527
530,37.449332328775185,treatment1,2.4776345935228425,-2.622907939719845,3.629115111312869
531,66.83808768210211,treatment1,1.1282778930098711,-2.141536725835711,-4.426849063470428
532,-14.517264349049515,control,2.4206996768630242,-0.653111947055736,4.743507549737538
533,36.78910581650743,treatment2,-2.3529684665627117,-4.313915021799096,-2.523068216181912
534,34.15920745709915,treatment2,-0.9598584624487625,-4.62931993189767,-1.119529342092159
535,-3.2550040294458267,control,-2.566688020059611,4.902543488546655,-3.285087844072611
536,51.30655996982357,treatment1,3.443565152028082,-3.3206805788635396,0.7941690872275622
537,-17.171188899757787,control,1.5912602111575422,0.3491528100977481,4.4645666278700045
538,-3.9393379960167625,treatment2,-0.678972105853342,1.508013172746959,3.698982156963922
539,-23.137247102218076,control,-2.6602883062060787,0.41967183491123716,4.841831489925074
540,17.135214610632573,treatment2,2.6133390440618314,2.064805401275745,-1.0842748078748121
541,11.901972451914212,treatment2,3.512209482986311,3.4017126790438077,-0.6201575761166742
542,-16.048996923175487,control,0.7062776434051701,1.792185680801536,2.888400763783033
543,60.38625684257939,treatment1,-0.5446238711550286,-1.6830743474171905,-3.600998762279014
544,23.667710034555526,treatment2,2.2168422131244547,2.471283469880257,-3.0736319994924655
545,0.702212850050229,control,3.5724386804082595,-3.3706215863830846,3.2697863594704923
546,32.2925843957958,treatment1,-3.710333861944235,1.4216110143120888,0.19734236631437696
547,-20.27102265877791,control,-3.6618938227323627,2.152912432014288,2.6720528478007637
548,3.8832987477635124,control,3.9078504236456677,-0.07688922858985503,0.17966087221468285
549,35.339636246408446,treatment1,1.5453503577746988,4.068291643585987,-1.1838034733320892
550,52.97935085621107,treatment1,1.788311444062752,0.9275881318452397,-3.1933107849445728
551,-7.162907083602589,control,1.8612440126849474,3.525772561204258,-0.29217218297808145
552,-11.35935993656998,control,4.506695760686705,0.5044108210170473,3.829783494176839
553,29.126485460999984,treatment2,2.588867438570385,-0.879581092954349,-1.9335812954752054
554,38.64344897936587,treatment2,-1.0382414229549974,-1.5558277261614792,-4.530551776936594
555,51.83540382320224,treatment1,-4.783723916675779,-0.9969843845784689,-3.1208912889476768
556,14.705447659435361,treatment2,3.5007261939749004,4.636931178737601,-2.127537175643285
557,-8.340995424030991,control,2.158897918750206,-1.3351279968347973,3.632552803412235
558,-20.04408937932169,control,-0.5694621564953444,4.396715925214863,1.5890436757041035
559,51.865934853466435,treatment1,-3.9308754361185203,-3.728849239558575,-0.8973728758156465
560,-13.995401418962533,control,0.7477673755852798,0.21533392753165614,3.6265279794016703
561,29.920850108748514,treatment2,-4.948671630995147,-3.796669379904566,-1.7875703278318325
562,33.31455987209618,treatment2,3.4990814525248766,-4.960110696562716,0.33342231113770193
563,10.803336376607787,treatment2,-4.990981838102123,0.4059793416903643,-0.20685711904846382
564,-10.769659795183813,control,-3.6867239025097307,0.8450529076175002,1.201356906993448
565,9.018304587164788,control,-0.4727846639539983,2.9773855983707262,-4.399472960239818
566,5.895208358480581,control,-1.7333086558991253,-0.1977995918168487,-1.706494146147218
567,38.34348134028964,treatment1,-3.7905090255401195,-3.8536433641787884,2.7385738413424123
568,-20.339875287482954,control,-2.3291486073013257,1.6343109607206605,3.4666566877513336
569,4.743436684840254,control,-2.081757799466304,-3.132468288293465,0.7330474750129623
570,-5.482182824919473,control,3.0090142167246245,-1.4807096310637027,3.3785893200325425
571,-14.903471426062701,control,4.802879987469439,1.5392391019654532,3.940159536300797
572,26.467092923179617,treatment1,-4.082664718337635,-1.2107331659758422,3.6583691852208737
573,41.70346418988184,treatment2,2.297843407317144,-4.020895139764132,-2.6801165846039874
574,-14.961385486664271,control,-1.6832667340524363,1.2657522708666837,2.4748721400080145
575,15.711696980591334,treatment2,-0.17424956633000654,-4.729180057141974,3.7253678411633846
576,-3.5048209851472634,control,4.313160302649948,-1.389722189499575,3.0990096255303037
577,-16.373047886756996,control,0.2202843796946672,-0.23463414792419623,4.341984517753437
578,24.86927071597526,treatment2,-4.9191300841437595,-0.8204367583523711,-2.6432745480278563
579,29.37921426873858,treatment2,-0.31776888185783747,-0.31659690332877233,-3.0727056078075976
580,-12.391227724242416,control,0.7675945154155128,-1.095681792025982,4.359153970116605
581,14.665433872499712,treatment2,4.361149318791764,-1.1770761398980145,2.5542422971646097
582,14.797774360314897,control,1.2250121796617925,-1.2813139212455171,-2.373689812795093
583,18.85350183998658,treatment2,4.226361758764536,-3.1079139183870783,2.897513845283143
584,33.13540854036731,treatment2,2.5423686444420355,-2.9177137539994957,-1.2706005960356883
585,11.677412943667953,treatment2,-0.5295595450769239,0.0005102360570354847,1.0026357033726638
586,-1.6313688179082078,control,-1.5002713525140141,0.9831628259107017,-0.6219798632572173
587,-1.160960708071064,control,4.502328431730447,1.9223646825779541,0.21006184688687402
588,38.21989073970811,treatment2,0.6306320177590363,-3.911501643028793,-2.2449355900036547
589,36.71380886467638,treatment1,2.0579957605974295,4.846293854259615,-1.9710440485831668
590,28.182173823034027,treatment2,4.907615633336185,-1.4778134395717943,-0.4617638242129587
591,34.9173764350621,treatment1,4.744129191001166,3.260994010532997,0.27242623023248314
592,45.38935655243005,treatment1,4.826268848231727,4.867975625149333,-3.4348373065268625
593,17.713296401495285,control,2.8707378772170884,-2.2879329375059965,-1.9662025458185903
594,30.96437396695337,treatment2,-0.6777679988347067,-0.22980808769852512,-3.646044045643971
595,14.22932588926722,treatment2,2.638919794739625,-4.671130605915077,4.609389179517933
596,7.074824155970326,treatment2,-2.3299172984611696,2.0653761317741726,0.3289197449972221
597,72.47617611692169,treatment1,3.3903794587643254,-2.960322069892575,-4.696413736908379
598,-21.122751097154016,control,-3.2366804499035204,1.80782266588216,3.1346944943964967
599,12.98264386415835,control,-3.409082272859231,0.7651063275106305,-4.46245267512213
600,70.14825056785244,treatment1,3.2714428741492227,-4.09961956709402,-3.2413325704136997
601,27.558069269818176,treatment2,1.5045862300292292,-0.30169496444164956,-2.255489636784427
602,32.21176465000187,treatment2,4.427800644336164,0.6068057547610444,-3.3945064687590296
603,35.96154815239072,treatment1,-0.7766647344331545,2.0762619927235573,-0.42599946443745296
604,57.63602283968707,treatment1,-3.9421500471597106,-3.264526025871586,-2.503865540669743
605,13.599574295824908,treatment2,0.4650563182919889,1.3536428248578325,-0.23748592807098667
606,28.76208625442415,treatment1,-2.8781275041053345,-1.5652317635128332,3.70809882949184
607,13.341884796627511,treatment2,-2.5781358205269846,1.602779435893118,-1.1574348499605671
608,43.14450937090268,treatment2,4.587950376218176,-4.918465610925606,-1.8487540781891032
609,62.3455675266239,treatment1,2.5841353950128614,-4.71981022008919,-1.1501904591240795
610,31.240788900714822,treatment2,4.537998099991556,1.7515604294367337,-3.891133628935637
611,-33.816337601018525,control,-4.0688491587022435,4.421235515722158,4.2181614324684436
612,17.444141249637195,treatment1,-3.3045312499256276,3.6631345500239405,2.4821677909439144
613,62.746713248851584,treatment1,-1.0175052754765201,-2.566300744486285,-3.6385036101527533
614,32.30616342333479,treatment2,-3.0438148631664816,0.1925287134562108,-4.762497226757447
615,-6.451732119318011,control,1.3221267515808313,1.031759448191333,1.3978222897846129
616,39.62400292268232,treatment1,3.218348050466828,-4.420094507883986,4.652324125286794
617,30.758195077943807,treatment2,-0.05850702225045623,-0.2695668742291355,-3.355181506208784
618,48.44328423066761,treatment1,1.586863933237014,3.7185193884027026,-4.234032138598067
619,9.354289651184999,control,-1.900220172657232,2.71988570537437,-4.613517331914624
620,7.846922883427554,control,0.800053869596459,-2.7834590219057045,0.3616054301954561
621,47.58830399013354,treatment1,-3.613388925710488,-1.4693845685566775,-1.4242810546432016
622,15.519541961537744,treatment2,-0.9744914166439465,4.728728227187881,-3.6498958496002363
623,14.5537274438989,treatment2,-2.2727743113153642,1.7482324009102523,-1.4403932956219965
624,-9.657988817190308,control,4.21829119174514,-1.2686407765362717,4.6428097751285335
625,37.896133624428174,treatment1,-3.1323139327978566,-0.32425800694592777,0.27288287498598596
626,43.305711619925574,treatment1,0.7373894625815316,-1.0083784336538324,0.3872643692201958
627,38.03397321999704,treatment2,-2.6230270650000334,-2.4670952407363824,-4.2437322228071785
628,-1.776541409614355,treatment2,0.4092961633886363,-0.11161351654181662,4.678882977127911
629,46.65645448161532,treatment1,2.861348931544554,1.9377247249843794,-2.150858257471012
630,19.436713051761927,treatment2,-2.762631134918474,1.9054183074604003,-2.7840608255349486
631,40.222444433417515,treatment1,-4.256021159461946,-1.6741193985912703,0.508874732550205
632,-5.334097801733692,control,-2.9980024958690565,-3.8821260205922914,3.6502514243955524
633,65.9133547955611,treatment1,-0.41529970923265136,-4.957486798945812,-2.520624937965197
634,47.13889834781144,treatment1,-4.548517722513813,-2.452027840096407,-0.7528948623286436
635,0.9437243943885187,treatment2,-3.563722122251866,4.369770497018804,-0.375396448550128
636,26.011890332370694,treatment2,3.6017852911325683,3.236828026438454,-3.832819720795154
637,28.885459345400058,treatment2,-4.090868864184705,0.6274297206326196,-4.690464285953039
638,40.30037709519182,treatment1,2.8967221896967086,-1.7083019965930921,2.1888921990368253
639,-3.428557843278189,control,-3.077514406805595,-1.803871741649894,1.447877834177092
640,53.270042551283474,treatment1,-2.7408516165574284,-2.9415704303428782,-1.4891948477628891
641,20.468685911256745,treatment2,-4.920716175469881,2.0371839104654637,-3.866402168855134
642,53.856425804473155,treatment1,-2.6653472012705337,-4.384005354660022,-0.5478630046320756
643,6.840753861431697,treatment2,-2.2741160155580586,0.1479139146198305,1.7458349375179205
644,40.700568058961935,treatment1,-3.0557910562462673,-1.6806259079500752,0.6353134326567371
645,19.709401106337697,treatment2,-2.587531902067753,4.150141675927143,-4.61088429920014
646,12.106846025287112,treatment2,-3.502603872236223,-2.056460991797786,1.8104755234549197
647,-31.78339416465408,control,-4.097166344860483,3.86055674125385,4.046599743246585
648,54.885115820747835,treatment1,1.4746842137128455,-1.1595574050669075,-2.217395968503836
649,-13.61589369315949,control,-1.5634557101617097,3.797232965344042,0.3067608930522425
650,32.84757897047615,treatment2,4.283781856612265,-0.004135594310003654,-2.895604658669322
651,15.10312747680191,treatment2,-4.0453370326464295,1.725199085044654,-2.0621720569671744
652,24.71564354267284,treatment2,1.3375672609365594,4.3083186192854175,-4.8260934061572955
653,8.807618213295253,control,-4.456360124317554,-1.652509171415745,-1.9204638137026633
654,21.038143070848612,treatment2,-1.129354676067329,-0.5550861808575753,-0.8907394411555059
655,32.27073789015535,treatment2,-4.043785092344681,-1.6686468699233914,-3.7964094278164238
656,13.067470883726909,control,-2.9207066113836575,0.9448724320159876,-4.505943853443632
657,45.30308179929239,treatment1,-2.106772934895763,0.9803732477067282,-2.335623239389213
658,13.719358300601158,treatment2,0.20639331097681257,-0.5728172495052464,1.1708110243264827
659,-4.709503946761156,control,3.442225249535854,-2.177282892738722,3.8290956705693375
660,33.24705474120828,treatment1,1.4642207348224936,-0.8908105425299979,2.994765065743996
661,21.035029632960182,treatment1,-0.6637773769755189,1.7016171724484428,3.737518169775079
662,19.76135727439192,treatment2,-1.776429334417399,-0.290895805723995,-0.9849407712331573
663,40.43311530414355,treatment2,-3.8394654896969893,-3.958203074714418,-3.95593606962793
664,-1.5386170645026462,control,3.741692284726742,3.955472445492468,-1.601049459395052
665,-2.7759732106485426,treatment2,3.845081321091282,4.404450253327685,2.5958331528004877
666,17.987951231705804,treatment2,-2.638944142699684,1.8835317732651777,-2.335030973358523
667,-28.419086847192542,control,3.60733052729592,4.2287024392948105,4.869024113144418
668,38.74716568780495,treatment1,2.3629120077357513,-2.623338300064102,3.1396055230364333
669,64.57291810595228,treatment1,-2.824738296614812,-3.8411816945437915,-3.510073262082276
670,-16.657362664643518,control,-2.470764668940583,0.8446352052733852,3.1021254308008075
671,22.44608746908756,treatment1,-2.4693242239757396,0.5864633122777381,3.828383474715544
672,11.886225029319046,control,-0.3650168797263742,-4.561650578894685,0.44997493254656984
673,29.494887390538572,treatment2,4.238636184531243,-0.9349544889760448,-1.5109674433878881
674,31.85762953972104,treatment2,-0.1635928270951661,0.40282085939057133,-4.1897850473887
675,43.191456876876934,treatment1,-0.1041841665487162,-2.5975738005220297,1.4922709308426079
676,-13.405956611657754,control,0.2775239656833026,0.6791893546623209,2.9358488054585683
677,64.2174146317063,treatment1,0.26286485101067925,-2.1240345667239513,-3.9336502181547806
678,6.329582604402036,control,-4.166102798060571,-1.2340612504517265,-1.6763481619239395
679,3.23323866207176,treatment2,-2.0047074212105622,2.482493142584655,0.9724954632489515
680,70.73702552587626,treatment1,4.434712722573021,-3.6623480868497937,-3.5772774130309912
681,-24.079485387966734,control,-1.1090406167260323,3.932223228030617,2.8456630070458164
682,15.370506990217047,treatment2,-0.4043949325350251,4.6669469322613875,-3.3384076706651755
683,-9.575970784601822,treatment2,1.9317029321352823,3.95167689122683,3.9302227066692783
684,29.030913061281684,treatment1,-3.4247244144370095,-2.8691498021971675,4.377910115982521
685,62.45509875839658,treatment1,4.661299283463977,-0.28181253794618044,-3.927646794324314
686,45.917092917230924,treatment1,3.633065198080331,4.621131625729896,-3.69091261992045
687,-25.17585464565868,control,-4.928824717265126,0.9856115862984574,4.438516039298101
688,48.01714986161453,treatment1,-1.133309503589266,-2.35083842174718,-0.16952305492154185
689,33.43453335666399,treatment1,-0.8251868705939502,-2.0088861596203476,3.324765945665
690,73.00914848054101,treatment1,4.060522967972673,-2.939641396682533,-4.7046774364962065
691,26.567874037921346,treatment2,0.6769259611835201,0.9820730346275877,-2.9597113942724054
692,55.71940335444321,treatment1,-4.344887590648035,-3.618212407758815,-1.8186724394604625
693,17.14752920964717,control,-1.9303047619724625,-4.189630706524733,-1.417582820532889
694,71.06501564715815,treatment1,2.880642381872125,-2.8049459945252533,-4.5625119334924635
695,41.911046685216206,treatment1,-0.874617535663055,-2.4999797967108695,1.5219130475414655
696,-8.860286876063627,treatment2,-1.254900475001457,4.577352235209876,2.5592464788869265
697,39.77809774651414,treatment2,2.122247913291506,-4.480288479827865,-1.9096467698875461
698,-29.55038938712335,control,-0.06396922473954092,4.020670632757547,4.512692609798798
699,-8.477687465343054,treatment2,-4.965498111793709,1.2120797222326374,4.217886040669903
700,49.56401751293688,treatment1,2.0038866009449894,2.891716530279597,-3.6318165105892652
701,36.00379059891796,treatment2,-1.521583151016106,-4.573685812499208,-1.9394051514901731
702,-16.589345426050897,control,3.6204750242100765,0.6732189026055222,4.65139097388405
703,30.780281078683633,treatment1,-4.676402847857592,-0.08392337395684812,1.4555417573009581
704,29.52292429414424,treatment2,-4.956742285136581,-0.03732122099642332,-4.38408490725525
705,7.583466828585927,treatment2,1.02693822770767,3.242811603983176,0.05799092772295822
706,22.27572707714456,treatment2,3.487743569641097,1.1368763239275301,-1.5179185760488076
707,-6.097020236058421,control,3.6791825257203605,-0.17839994772251622,2.7017392352031813
708,4.171315910449188,control,2.407512612151116,-0.5296302306292979,0.0818190197359625
709,18.957006468415127,treatment2,1.3459360197493808,3.8815340160904643,-3.25450697793722
710,72.76161788315221,treatment1,4.947330267466143,-3.9369469392164556,-3.5942416585120673
711,35.304091557784055,treatment1,-4.821857283529879,-3.194224112205718,2.696815609328733
712,24.245287057397668,treatment1,2.27594501982826,3.8971193449610997,1.9507251605954368
713,39.80588614837905,treatment1,0.221333585545759,-2.948182107950603,2.66563584571238
714,11.561283001712445,control,2.9026218778439725,-1.609472757044248,-0.7686125097545276
715,45.83642102326428,treatment1,0.35315519238054804,-4.5538610937426816,2.479227239869437
716,65.72992106966943,treatment1,0.4166777461274007,-4.777072380369657,-2.3897757123825327
717,1.0993027778102267,control,-1.5217269675804577,2.5505875048637385,-2.3667988562676023
718,74.20242682907268,treatment1,3.636341707984581,-4.25686115474173,-4.154908208657312
719,-9.621015128998891,control,4.81820661832629,1.7469604784240218,2.4704725294848124
720,1.0303197134266022,control,4.428603038504349,-2.4665098686629627,2.9123449100177368
721,-20.19263919840923,control,-1.194883902251973,2.800415981330211,2.8457194030092996
722,53.73254129789614,treatment1,-4.700944380138137,-3.6512468993194513,-1.4221649807555012
723,35.96605495166293,treatment1,0.3396327701588895,4.213867550857243,-1.7807405315921763
724,-23.722044804212352,control,-4.72864284544381,3.6058516821591304,2.0694216800784373
725,29.552945904855154,treatment1,1.8821952697240114,-0.9518087324767439,4.2313762359128955
726,-22.779832115586423,control,-3.530271342012803,1.2346189013988829,4.067019200832032
727,23.59291389517526,treatment1,-4.9196945339749485,0.0392264532119313,3.2705426371997106
728,21.715675557038036,treatment1,-1.8735825119712954,-0.459479032120206,4.930643179854179
729,54.64607492290521,treatment1,1.3687055252293128,-4.389238479782335,0.370388837972353
730,11.363149202334434,control,1.630332847077062,2.918548237386701,-4.612999797641363
731,28.14786593324857,treatment2,-0.37917425552965867,-0.32647403602656144,-2.8793641769222775
732,43.78322239179596,treatment1,4.506869454558853,-4.469764459322629,3.7904197684155267
733,-23.02128866655449,control,-2.4418826619645873,1.272408984062869,4.329784863813673
734,-16.092443569425466,control,2.5369784934481636,4.0280287980167415,1.8712275829013318
735,31.62385854674217,treatment1,1.5593939946765918,0.5464687351012127,2.3810184164367962
736,26.04375645865875,treatment2,-4.105673197352807,-2.7456116444859333,-1.2610327628130147
737,38.21201223977481,treatment1,-4.4979289343010525,-3.4021426112715094,2.241642738584452
738,35.425442008198374,treatment1,-1.1806960022121804,-1.190040474328915,2.1750822755130264
739,-3.229472740402974,control,-0.8289919150053322,4.125109533680538,-2.3375705045577053
740,-20.943326566311168,control,2.419226123419566,2.075028867492481,4.373420553962635
741,-10.62622752699443,control,-2.446256639894726,4.591550186760195,-1.3815068127323982
742,30.68251452211594,treatment2,-4.946662999112857,-2.06239598339659,-3.2562131389066664
743,28.585049797201943,control,0.30345834587771847,-4.705628089609938,-3.4558040750929075
744,-1.2520419055522765,control,4.535392272346492,0.887761993192731,0.9257458291378811
745,3.2221062157336275,control,0.8423332684746132,2.187030378414203,-2.1588391548032426
746,6.556141693700153,treatment2,2.2253523356407454,3.5945719911979204,0.2715310566554594
747,22.710983999921638,treatment1,-3.7080701637016245,2.3007127050130745,2.0086847855092778
748,51.17488210132807,treatment1,4.142776235559197,-4.257795591870802,1.8382189387940562
749,29.410772506033627,treatment1,-4.158369683623629,-3.0238238069869294,4.31262052499955
750,12.725061805355736,treatment2,3.538119903837167,4.738104958983149,-1.6753316798624596
751,10.111054018251199,treatment1,-0.7605123263203408,4.328787872661513,4.328887313023934
752,23.229178970975642,control,-4.021501987089021,-4.683575400545762,-3.121667443317695
753,19.129372752221563,treatment2,0.1757554137926629,-4.371477862667818,2.5698217921054933
754,42.888199914167394,treatment1,1.1294796154724898,-1.380237246752587,0.9520003920077444
755,51.42058018297701,treatment1,4.409528498498968,-4.123303741408913,1.6368923069269758
756,44.22176425635339,treatment1,2.9388052382029093,4.172911492431632,-3.194248239715596
757,13.601747003957959,treatment2,2.6308909350667298,0.9492850520449982,0.7908295109105001
758,60.1380949798899,treatment1,1.918347335826038,-4.683195703081257,-0.546293725519222
759,8.132953414599458,treatment1,-4.587101832654716,4.340069277679172,3.9483726987357173
760,0.13258503446528036,control,2.4500160525097474,1.9011510557322389,-0.6484788309524703
761,55.36013060954752,treatment1,1.0485956137724628,1.781798307319347,-4.430289202031853
762,28.13548685120773,treatment2,4.376334685734317,3.2522437596966896,-4.316719622887497
763,28.674498143167142,treatment2,0.6427138776530397,1.3032883583983734,-3.914126829450577
764,-9.946652914150816,control,-3.4795873596582663,3.7021673833896216,-1.0204788994190928
765,4.8594251818836245,treatment2,-0.1082946707273269,1.6229517850099962,1.7758497819186356
766,50.19494438613984,treatment1,-1.973684918443178,-1.0365516775152175,-1.812742692186199
767,2.2281018777509987,treatment2,-2.725444476674068,3.748701595171129,0.11793018129364441
768,-11.806876711888561,control,2.2073753922651225,2.6316399033917417,1.5849585609667187
769,-0.882554522904181,control,4.442813024876678,0.9902050488943956,0.6004942988838451
770,39.15453368527742,treatment1,-0.4920387632380354,-3.6801365155181722,3.2677331465085437
771,48.076075982945525,treatment1,1.9888139731158034,-4.081474194288121,2.0098472722928626
772,24.674864872446033,treatment2,-4.1058973721526115,-2.578251870325725,-1.1168157978653226
773,40.212426050441955,treatment1,-2.738704728748358,-2.5303215766194267,1.6529895251484916
774,28.559961273718645,treatment2,4.480399628743685,2.5749061451230926,-3.7765601042467765
775,39.23245752762262,treatment1,-0.2526262024691661,-4.53707857723618,3.9029315178992956
776,32.29901848900475,treatment2,-2.608279034242779,-0.6810200153640436,-4.0553149920741
777,50.89430777189618,treatment1,-3.7095743394931615,-0.1049430179044295,-3.1967649940743694
778,3.7202791305081075,control,3.837256063097197,-2.291754004305159,1.916095544118324
779,35.79699287335229,treatment2,-1.1430184506990582,-1.0310087994184611,-4.273555082352022
780,30.361493629543972,treatment2,1.7125077025984394,0.8978744684659681,-3.7556289907472262
781,21.8751268718657,treatment2,1.5669522720171258,0.714863167622573,-1.4246660423983712
782,13.496098431671351,treatment2,2.727996201338115,-1.1814298869119932,2.292773318832091
783,11.507260212593534,treatment2,-3.1721613016045893,-4.386438065428488,3.625899909013855
784,29.619662401947654,treatment2,1.966999673030684,0.26162191766188947,-2.8909440007807286
785,18.506954585989362,treatment2,-4.29486286461607,3.341073343263684,-4.189668794693961
786,7.533532863935113,treatment2,-4.43117552095301,1.520956801457399,0.06791385389188598
787,10.326340691580686,treatment2,-4.972820419391014,-3.615446964967637,3.0916671761666485
788,25.109988215939186,treatment2,-2.471003014278584,2.1635945010450186,-4.45642173981398
789,18.665251906719504,treatment2,2.300351123536756,-2.1804505196189563,1.6460580476364104
790,23.602775466350298,treatment2,1.726216052422327,-0.7584857108729084,-0.6955419882830904
791,26.437665254931733,treatment2,3.626303073079919,-0.23637212156089493,-1.2772406163954564
792,1.4673780679078785,control,3.9865939136152324,2.0361022882761652,-0.8365659226736941
793,49.72441669786276,treatment1,-1.2109134624571793,2.352553466872606,-4.105579572791855
794,31.03032377663674,treatment1,-2.8254506551680425,0.4845390723679488,1.423766324856535
795,39.58463069218798,treatment1,-1.8506223927973666,2.3774453577552705,-1.7306340318730093
796,-15.018651008631576,control,4.574609585038331,4.476658940992779,1.6426184887127748
797,26.062563018403427,treatment2,4.8952742351561636,3.6078681393601517,-3.7740935672848996
798,37.55962011765342,treatment1,-0.25051495804395785,-1.797097125519156,2.227378967756498
799,65.72756379771583,treatment1,2.1995230379073476,-4.92997191990772,-1.692768437735345
800,-23.659195414643236,control,-0.7279551156164139,1.6202470466456464,4.5478876985553125
801,27.437676859189928,treatment1,-2.9633959467835256,-2.244476606769471,4.540057165018414
802,41.99712158770559,treatment1,-2.5319821065643158,-4.219376395447773,2.406996171230773
803,46.80651864686886,treatment1,1.475848015659241,-3.3403964063232494,1.4752672325637697
804,0.5464772307945427,treatment2,3.651852084314145,1.141701971990381,3.9557914391411657
805,-8.266384518500143,control,4.499256541860834,2.9720008285057053,1.1339999037885482
806,36.73924542649164,treatment1,1.927340456074898,3.439818932129544,-1.03270215343937
807,-4.785180999576699,control,-3.6695549835875396,2.6724413536444054,-1.7220449495949697
808,21.01649567125306,treatment2,-4.038491019762907,-0.6071230691635101,-1.5751813753127761
809,10.033973689897012,control,-2.4996776659452924,-0.7877282638496865,-2.4536242639797354
810,40.87777608129567,treatment1,-2.1566219345567674,4.753564173633189,-3.856300790340942
811,-7.523847823810688,control,-0.24345118903186602,-2.762890767243573,4.104238234787713
812,31.77041421007036,treatment1,2.4907697345269453,-0.5376026973402386,3.548245715081169
813,24.952534155530955,treatment2,0.050789949922772415,-4.724615481841305,1.4193288946436784
814,24.357121330572422,treatment2,1.1159220176657536,2.613908131026882,-3.5969653982678453
815,9.434445068218913,control,4.426416723624641,-1.1631241609913214,-0.18575547165393402
816,10.983567033470441,treatment2,-1.0757802730829868,4.943883988973743,-2.50035688081524
817,30.941699644166004,treatment1,2.8608629617264034,4.53235807086719,-0.1537591536340397
818,5.3573382732001695,control,-0.0914896618450527,-3.6092647201405947,1.4910096084443039
819,-18.551590247541593,control,1.479468731516759,2.4136205453961432,3.3999527979404505
820,-8.858075253290417,control,4.991707364674326,1.5488756450262606,2.3724712980573495
821,19.111198503980745,control,2.9051563659634985,-3.537145249174295,-1.23051443541791
822,-26.596469687723555,control,-1.5412562445912004,2.4863846536326566,4.580585995199977
823,-7.841121335437552,treatment2,-3.643203423060254,4.069022295171417,2.0342624699030747
824,50.11722486464336,treatment1,0.5689238433384762,-3.534506267495071,0.6868704447126266
825,4.646605682754101,control,4.5238041566745295,-0.5319149516075337,0.5731733967539343
826,-4.191074686275722,control,3.7692417564811347,0.9313275533007186,1.4839050921114092
827,-12.028892630767732,control,-2.990743865930481,3.5688390083894284,-0.193836939621578
828,17.961021963088818,control,1.0939905786452755,-3.7787042987195987,-1.2489021916606213
829,22.130364701182213,treatment2,-2.2755642218818553,0.3415261370811118,-2.2686780116992855
830,45.00594028666586,treatment1,0.7679473141140409,-2.412919693724552,1.0779232444247295
831,38.94671382876029,treatment2,-1.4524277401626549,-2.3887284486768667,-4.24966875030628
832,36.24511903740634,treatment2,2.4008435217857205,-0.7991591712514277,-3.676658322951832
833,33.56946479571347,treatment1,-4.373181073547646,3.657269028421915,-1.9087859459165237
834,-12.448562589240698,control,0.553108828473655,-0.1627415108406094,3.403164724595527
835,60.94034273083894,treatment1,0.03630069433102179,-0.8047260086078856,-4.188491810033118
836,-27.814457074660886,control,-2.005397459387054,3.365383609970401,4.139795679581811
837,42.80666455145529,treatment1,-3.537015582272197,-2.913400211052346,0.9934031437375124
838,42.8575581895441,treatment1,4.219166416130326,-4.049272329059541,3.6540890908471777
839,51.59821401454618,treatment1,-4.713268926221077,-2.621786399081655,-1.6510444701271485
840,-7.318370005142534,control,4.195183502075539,-0.4232548287721922,3.2567571338505648
841,-7.89013826219093,control,-4.412844601458827,2.939770280873777,-1.2600020424018021
842,11.778714332361,treatment2,4.377473046286768,4.019627599246279,-0.6634935223086904
843,3.795549098729162,control,0.31324177917886864,4.166097833620132,-3.9680329845206574
844,36.99787105020325,treatment1,-3.1975280385527407,-3.946519269476992,3.2515574722149925
845,23.770099064414065,treatment1,-4.511796760634556,1.727833121076582,2.120600888516229
846,26.276688507436507,treatment1,3.791262385159902,1.0315150199329715,3.9687954430146277
847,-12.909258421499352,control,4.140251120108363,0.05055604113703627,4.262866258574125
848,-10.306992691777175,control,-0.6868913295116386,1.8047218204182771,1.267359549731565
849,-19.52602649537544,control,4.027876041570886,2.6632840764391883,4.0484564980919
850,-20.209829476720945,control,-3.1309311115492755,0.7301931995834723,3.909735167871359
851,6.79959355443507,control,1.44594981150445,4.274735059357496,-4.510835515914005
852,-17.679713998030103,control,0.14763004004371183,4.190221926126668,1.458180065018027
853,-25.240685273939185,control,-2.00592968503246,4.392554667439001,2.545290231965579
854,27.869616586339696,treatment2,0.54292440424594,-4.5887833827364375,0.829402209723705
855,5.579663847010028,treatment2,-0.45226497498985374,2.1835404999950256,0.9125661395576845
856,33.23986662733569,treatment2,2.1703291227193366,-0.10484717370803942,-3.488975550244129
857,-10.725409715017221,control,-3.7624476430173925,-3.2700946425180932,4.196925289575242
858,-10.444425422052078,control,-0.5424104774339877,2.476985018489696,0.8389777401844798
859,8.67201075307108,control,4.61393526211668,-1.8864379870242507,0.549548853168397
860,14.665760629980563,treatment2,4.130246262762121,4.272825908214008,-1.7365877495055981
861,-11.431401419469557,control,-2.672741043772696,-2.2709480096509504,4.05410858260605
862,35.81046047533646,treatment1,-1.4397343798792694,-2.0091630746831832,2.6347829404575496
863,26.246401339263315,control,3.8170593462493105,-2.4531770946705223,-3.5287187972490397
864,5.143283735561777,treatment2,2.5121467655888416,-0.38241133613723477,3.774381371501189
865,-13.309955154230147,control,-4.677226009612498,0.7114170115106617,1.633988769368374
866,9.5948729969749,treatment2,1.6914577328231868,3.1199379129511335,-0.15734123371750286
867,-7.491071097264446,control,-4.8715500987487115,-1.3581199556883328,1.7633732001208804
868,-10.299522677890113,control,2.444860583202101,3.847787656574104,0.4984606184545326
869,32.79684232313891,treatment1,-2.620967014710882,-3.750918994584642,4.35054133152016
870,41.13133088501113,treatment2,-0.6498136870659774,-4.814188532934965,-2.8121654116902848
871,30.33904130013335,treatment2,-1.1666464229221942,0.9672748700994998,-4.539912668429203
872,-8.802243980820894,treatment2,0.15721952962465302,1.8273936504852673,4.882986336280416
873,11.60065696046248,treatment2,-2.8676228305031626,1.3799933606860666,-0.48573250560204695
874,15.322890418477195,treatment2,2.0033040527472608,-1.2726266126162713,1.6703923359047508
875,22.210280967805446,treatment2,2.117464459676004,0.7359034787198304,-1.4832385396078198
876,38.65826640620319,treatment1,1.9481048050341423,-3.558262067621112,3.831651229261002
877,29.80963610079189,treatment2,-1.7916054773000587,-1.3109534637204066,-2.684626402049539
878,-7.304423108204506,control,1.00621538749441,0.717811520238846,1.558158719454548
879,-21.565419582123,control,-0.693710577982614,2.6103039763444063,3.261623634355196
880,48.72850985282796,treatment1,-3.750796674873894,-1.5111192248562522,-1.5127746248777307
881,19.539309975272975,treatment2,-4.079512767288618,2.5577814136902504,-3.6709041133271203
882,-28.15135165771846,control,-0.02888940606929502,4.6885412206277195,3.6821142037771395
883,28.399862825614445,treatment2,2.5468306389614845,1.1866358143324351,-3.2933104457999116
884,27.44139185215859,treatment1,3.1377417793194198,2.470187431701886,2.4641465358180348
885,16.74368161681935,treatment2,-3.17115890117475,4.023479700929231,-3.8375826408888036
886,43.35324969546049,treatment1,1.2580843145944804,0.6111308678277219,-0.6274968957645557
887,32.38209959374985,treatment1,-2.544309702131077,3.7941128817613663,-1.1308337843172076
888,-14.22237548752016,control,-0.3303464491049679,-0.2335953508959605,3.767696138636186
889,-17.000064250921568,treatment2,-1.5426097254924596,4.622678336373998,4.623253720068764
890,30.46729377052729,treatment2,-0.5636669395147775,-1.3222281039938641,-2.6572886525371677
891,27.12140653261685,treatment1,4.851733627336873,2.380119818630755,3.036233034515817
892,-19.473688771332153,control,1.4253330772891744,3.531697416812019,2.795934602025836
893,39.084726971796584,treatment1,-2.226763775985744,-3.00731687056195,2.1811278663676825
894,65.50849252503173,treatment1,4.362864038272429,0.21853476111593473,-4.957866577853639
895,43.23864378991903,treatment1,-1.021988614571704,-1.0412498964346941,0.21222129972187442
896,31.956452892555625,treatment2,4.502154345447586,1.5085951406381266,-3.918897748633362
897,18.20499282319814,treatment2,-0.037146318145739876,0.21297526556741797,-0.5204928454393807
898,40.18350738814771,treatment2,4.779040032926973,-3.2336211854435004,-2.379310362871525
899,-13.875864411360626,control,-1.47356213033199,3.119267015576199,0.7617458804993742
900,0.3028570316174818,control,-0.75184397640533,3.0001759819210854,-2.506677326185507
901,38.76682087246492,treatment2,-4.926736381117682,-2.7324636691444093,-4.666127603292125
902,35.438222087925276,treatment1,-4.669948318508117,-3.600081303249211,3.138224778100957
903,-20.651637133839866,control,-0.9091891988506262,1.6821682864073493,3.884489801089936
904,26.35690648007572,treatment2,2.5539803512122496,3.296218379216068,-4.333594863080891
905,20.990484109758803,control,4.464012631254906,-3.8391435356146797,-1.2014307544356786
906,32.55126432877242,treatment1,-2.130910075010851,1.3900562381169514,0.5641446895190017
907,20.51966237978251,treatment2,-1.099786010207854,0.31695627980925956,-1.5474072830656938
908,34.65548466269497,treatment2,1.0456176097908196,-0.1542985927609024,-4.076973749627281
909,13.077989230154147,treatment2,-4.613743536561261,3.938835696077895,-3.2448640019688026
910,1.0079137862412055,control,3.71036730027002,1.1746201990375393,-0.13417962476317946
911,68.22182805981055,treatment1,0.5355376144207113,-2.812334842273173,-4.403514200738154
912,20.065400272994957,treatment1,-4.985649709739168,1.850132782568414,2.792192495411495
913,51.401918196954554,treatment1,1.0087766691643427,-1.2028904515759709,-1.4431282839347759
914,0.3029821037582363,control,2.278851934570026,2.5033895399293176,-1.2454730531954636
915,24.16786747884885,treatment2,-3.7760558790547027,0.6718582220157687,-3.4041823180688455
916,23.510347355653153,treatment2,2.0047800149762987,-1.0863397721361334,-0.5396895289178918
917,12.972526322234236,treatment2,-3.9816465404338297,4.819850390367794,-3.720333568795755
918,60.89193436368987,treatment1,1.654156729707771,-1.6434298675576455,-3.290405308747224
919,5.888540967823925,treatment2,-0.6322679397016522,4.2482433130579835,-0.5900554293317715
920,-4.453947235714939,control,4.0312471558839125,1.4942745336620158,1.0042113108624058
921,41.569173268204096,treatment1,-4.937192741436148,-0.7471415043667742,-0.7195000640100329
922,-11.517207446404987,control,-2.189620048022017,0.8120835436992282,1.9487920057132149
923,57.997107338989046,treatment1,-1.0346108678428911,-1.6491232706091163,-3.0666633586759753
924,28.990474456705577,treatment2,-4.872481237644308,0.2180205561137294,-4.489800384109551
925,2.6717023638621784,treatment2,-3.1886650464192865,3.8400012163325794,-0.21550130409997958
926,32.54749948322748,treatment2,4.809867545368855,2.8177069113111255,-4.8558848238571395
927,45.03573397651397,treatment2,1.469743896823891,-4.247122477187004,-3.66315805037316
928,-3.9201253029329663,control,-4.57978848334602,-4.631856139034322,3.3660178414226145
929,0.5599461327336324,treatment2,-0.22402974616787397,-0.6230888862735977,4.361679163579494
930,-14.369362869977481,control,-1.2109079790321218,2.7964375582600667,1.2504199359061978
931,-27.09026862945918,control,0.6019593107731183,3.472500940977975,4.4778317578909
932,24.126784159060243,control,1.156267563199334,-2.935465613224797,-3.316729487615644
933,-12.18911253112762,treatment2,4.804296764036312,4.598013145896129,4.910463185859301
934,-19.7426276017556,control,3.5855037938459073,1.2341623779031154,4.923851141424134
935,20.31232865698513,treatment1,-3.5780648715109664,0.6453289223116441,3.9851715248939144
936,0.8049610075634313,control,2.824830236825413,-1.328081981806295,1.5126409393356255
937,43.455958786200554,treatment2,2.812131564449265,-1.4505409343156686,-4.842544465144166
938,7.43946809837145,control,-3.5581504754748505,1.8974690032973722,-4.034370329250164
939,27.52785208575103,treatment2,2.494725991046841,-1.4349269129555564,-1.100212650295278
940,13.278729146237229,treatment2,-2.709635586107093,2.4201840607270677,-1.6674174184051562
941,17.465317217241758,treatment2,-2.1906559131458048,0.0969508358504747,-0.9678242733501827
942,2.3687812560219017,treatment2,1.0260773777539338,4.008054973337865,0.8787585598901151
943,17.214970239742897,control,-4.561398202528787,-3.022074994511713,-3.131215198959034
944,-30.292166478970543,control,-2.431951518215861,4.786384401540031,3.5502398250074876
945,41.57322639535466,treatment1,-1.2084890285723828,-0.9870675970864813,0.29575908726183986
946,42.62516247484799,treatment1,0.7312638233385105,-1.2703652287683367,0.8628778070144865
947,34.40224808306694,treatment1,-2.4933874882092266,-1.0468739799435833,1.856334057486424
948,0.9309267325979378,control,0.7477824220704861,4.349183414287776,-3.0686223702389768
949,26.937443132504352,treatment2,-2.8506715871374055,-2.4756293579353974,-1.4671961189346594
950,14.102640004766375,treatment2,1.6504559659682707,-2.8696608874545304,3.0724669677715717
951,2.948195388379109,treatment2,-2.4335882272986034,3.272562077177451,0.25132374640891
952,43.680916555066005,treatment2,-2.5656334564486616,-4.81971087280333,-3.8923849019020293
953,7.559391356514761,control,-3.9499294219568326,-4.704327588581326,0.6956628593842682
954,31.779369835017526,treatment1,-2.520477692969724,0.752128427720189,1.115135049861836
955,43.85532556960969,treatment1,-1.1505218923751293,-0.9794839037187693,-0.2517561740641465
956,26.698790789672024,treatment2,-0.6139434608230712,-1.1514892886901928,-1.758591069088975
957,-0.9317935659503759,treatment2,-3.9035735680209624,3.914407122435229,0.3383727992450023
958,54.29511614815205,treatment1,1.8434489662058704,-4.343177306640595,0.5989489634403276
959,1.4343158885357428,treatment2,4.5580949675266975,1.04663685067543,4.064813140654332
960,36.401775514638786,treatment1,0.6455116128602061,-2.0779257887848077,2.8751722532490867
961,4.423259184662283,control,1.8589055371077876,-1.5330652423189681,0.6980467033802444
962,5.116101686194319,treatment2,-2.8021304963871074,2.424166295812392,0.41247177206321517
963,30.261613444039824,treatment2,-2.2585573585275345,-1.130092869028089,-3.149509244830714
964,-22.956781838324524,control,4.929976041903878,3.6079388177433422,4.482201548038461
965,11.29389993886864,treatment2,-1.1532827723173735,1.9897958985714919,-0.38906154523545045
966,38.08530933939541,treatment2,-0.6913539623339604,-4.5694253908084494,-2.0859069965268384
967,45.38813646715009,treatment1,3.7812067983228204,-4.7475586212626695,3.4140833459686846
968,-15.161411072010852,control,-0.14211491674155585,-0.9703022918397073,4.582519694053293
969,41.26723493457669,treatment2,0.24376734427063518,-4.215324612847224,-2.9953182769320197
970,35.56460685765522,treatment1,2.4083818518390823,2.2962055787146616,0.30207054784441034
971,33.204116812348445,treatment1,-4.070924609184581,-2.6624451185809694,3.168200634055097
972,-29.961415505607782,control,-3.698544999334026,4.739933576658764,3.155540406161691
973,-25.009821870850722,control,1.718031360339162,4.982658001516727,2.9879742103155795
974,-4.880298583987387,treatment2,-2.1723128751450336,3.5411877270001852,2.2015875611491076
975,26.39218521744408,treatment2,3.6109103617539855,-1.6968603656941372,-0.3099462239971569
976,41.16442724411483,treatment2,2.4719732104070458,-0.9031680045837875,-4.801180588453758
977,48.05173204958955,treatment1,-1.7401806259285313,-4.026432432723308,0.8630354504740811
978,44.24889135441076,treatment1,3.3614841709501064,-4.912831328019475,3.7692412845775642
979,36.57871772850842,treatment1,-3.6994130762146584,-2.8090729621451693,2.3187546354387116
980,2.345559824206682,control,-2.443549195994381,4.913951754530791,-4.643057086917429
981,-4.910820673277712,control,0.07797014903087263,-4.125810659961338,4.5488017142853
982,45.428592520347344,treatment1,2.409000766476389,-4.502415302221687,3.1190975984592555
983,23.580656233328323,treatment1,-2.4165151251999593,0.09999603070252938,3.908136186164201
984,4.661488242464782,control,-2.6226553285742527,4.306575054756102,-4.9498151540568
985,59.640156974941014,treatment1,3.0109926891418386,-4.363310085297281,-0.4741493223421136
986,55.73614232008065,treatment1,-0.7781707564965421,-4.84520564645373,-0.1951885906242099
987,9.004337731893173,control,3.4745357371237198,1.0473250633463476,-1.9982060979761487
988,15.772729317573233,treatment2,4.744918160576317,4.751767710097411,-2.1623706004208687
989,55.458457452517486,treatment1,4.7956456692342755,-1.0352656523179848,-1.4122755354899463
990,-8.142638017279115,treatment2,0.12755849427640698,1.9350743341093182,4.771796021224075
991,60.245485320925134,treatment1,-2.1927317921500924,-4.066355829807012,-2.072735442199176
992,-17.44831249686643,control,3.2469994020782487,3.2366283007585412,2.9425217161215436
993,33.28320119636989,treatment2,-1.1636020476036868,-0.8603149000977179,-3.9129442450154315
994,-0.015742488140981115,control,3.210539657839032,-1.918809309963534,2.4643665504152077
995,11.809422806282244,treatment2,0.21079306418658383,3.8774976823444014,-1.6185644826909282
996,1.2839219370604513,control,0.5485048319720089,-0.18245186581997963,0.13730175482568008
997,43.875055873026945,treatment1,0.5605511109922601,-2.964437440649327,1.7265731781530933
998,44.088227406886006,treatment1,2.838257506958093,-2.423735227894881,1.8773884328603572
999,21.344137670244976,treatment2,2.963882461497911,0.8194254348330263,-1.0501389653825086
