,control,treatment1,treatment2,control,treatment1,treatment2
subject0,40.0,60.0,80.0,0.0,20.5,8.0
subject1,60.0,80.0,100.0,0.0,20.5,8.0
subject2,60.0,80.0,100.0,0.0,20.5,8.0
subject3,60.0,60.0,100.0,0.0,20.5,8.0
subject4,60.0,100.0,20.0,0.0,20.5,8.0
subject5,80.0,60.0,20.0,0.0,20.5,8.0
subject6,40.0,60.0,100.0,0.0,20.5,8.0
subject7,60.0,100.0,100.0,0.0,20.5,8.0
subject8,60.0,100.0,100.0,0.0,20.5,8.0
subject9,40.0,80.0,60.0,0.0,20.5,8.0
subject10,40.0,40.0,60.0,0.0,20.5,8.0
subject11,60.0,80.0,20.0,0.0,20.5,8.0
subject12,60.0,100.0,20.0,0.0,20.5,8.0
subject13,80.0,60.0,20.0,0.0,20.5,8.0
subject14,60.0,40.0,80.0,0.0,20.5,8.0
subject15,60.0,20.0,60.0,0.0,20.5,8.0
subject16,80.0,60.0,100.0,0.0,20.5,8.0
subject17,60.0,20.0,80.0,0.0,20.5,8.0
subject18,40.0,100.0,100.0,0.0,20.5,8.0
subject19,80.0,20.0,20.0,0.0,20.5,8.0
subject20,60.0,20.0,100.0,0.0,20.5,8.0
subject21,40.0,60.0,80.0,0.0,20.5,8.0
subject22,40.0,20.0,80.0,0.0,20.5,8.0
subject23,60.0,80.0,100.0,0.0,20.5,8.0
subject24,60.0,20.0,20.0,0.0,20.5,8.0
subject25,60.0,100.0,20.0,0.0,20.5,8.0
subject26,40.0,40.0,100.0,0.0,20.5,8.0
subject27,60.0,80.0,60.0,0.0,20.5,8.0
subject28,60.0,80.0,40.0,0.0,20.5,8.0
subject29,80.0,100.0,100.0,0.0,20.5,8.0
subject30,40.0,20.0,40.0,0.0,20.5,8.0
subject31,40.0,80.0,40.0,0.0,20.5,8.0
subject32,60.0,100.0,20.0,0.0,20.5,8.0
subject33,80.0,100.0,20.0,0.0,20.5,8.0
subject34,80.0,20.0,60.0,0.0,20.5,8.0
subject35,40.0,20.0,40.0,0.0,20.5,8.0
subject36,60.0,100.0,20.0,0.0,20.5,8.0
subject37,60.0,60.0,40.0,0.0,20.5,8.0
subject38,80.0,40.0,100.0,0.0,20.5,8.0
subject39,60.0,60.0,40.0,0.0,20.5,8.0
subject40,60.0,100.0,100.0,0.0,20.5,8.0
subject41,40.0,80.0,100.0,0.0,20.5,8.0
subject42,60.0,80.0,100.0,0.0,20.5,8.0
subject43,40.0,80.0,100.0,0.0,20.5,8.0
subject44,40.0,60.0,40.0,0.0,20.5,8.0
subject45,80.0,20.0,100.0,0.0,20.5,8.0
subject46,40.0,40.0,100.0,0.0,20.5,8.0
subject47,80.0,100.0,20.0,0.0,20.5,8.0
subject48,60.0,20.0,100.0,0.0,20.5,8.0
subject49,40.0,40.0,100.0,0.0,20.5,8.0
subject50,40.0,80.0,40.0,0.0,20.5,8.0
subject51,40.0,100.0,100.0,0.0,20.5,8.0
subject52,60.0,40.0,100.0,0.0,20.5,8.0
subject53,80.0,80.0,40.0,0.0,20.5,8.0
subject54,40.0,40.0,20.0,0.0,20.5,8.0
subject55,60.0,100.0,80.0,0.0,20.5,8.0
subject56,60.0,60.0,60.0,0.0,20.5,8.0
subject57,40.0,100.0,60.0,0.0,20.5,8.0
subject58,80.0,20.0,20.0,0.0,20.5,8.0
subject59,60.0,20.0,80.0,0.0,20.5,8.0
subject60,60.0,20.0,20.0,0.0,20.5,8.0
subject61,60.0,20.0,80.0,0.0,20.5,8.0
subject62,80.0,100.0,100.0,0.0,20.5,8.0
subject63,80.0,100.0,20.0,0.0,20.5,8.0
subject64,40.0,100.0,80.0,0.0,20.5,8.0
subject65,80.0,40.0,20.0,0.0,20.5,8.0
subject66,60.0,60.0,60.0,0.0,20.5,8.0
subject67,40.0,100.0,80.0,0.0,20.5,8.0
subject68,60.0,20.0,20.0,0.0,20.5,8.0
subject69,80.0,20.0,20.0,0.0,20.5,8.0
subject70,80.0,100.0,80.0,0.0,20.5,8.0
subject71,40.0,20.0,20.0,0.0,20.5,8.0
subject72,60.0,40.0,20.0,0.0,20.5,8.0
subject73,80.0,100.0,20.0,0.0,20.5,8.0
subject74,80.0,100.0,100.0,0.0,20.5,8.0
subject75,60.0,100.0,20.0,0.0,20.5,8.0
subject76,80.0,20.0,20.0,0.0,20.5,8.0
subject77,60.0,100.0,40.0,0.0,20.5,8.0
subject78,60.0,20.0,40.0,0.0,20.5,8.0
subject79,60.0,20.0,80.0,0.0,20.5,8.0
subject80,40.0,20.0,60.0,0.0,20.5,8.0
subject81,40.0,40.0,20.0,0.0,20.5,8.0
subject82,40.0,20.0,20.0,0.0,20.5,8.0
subject83,40.0,20.0,60.0,0.0,20.5,8.0
subject84,40.0,60.0,100.0,0.0,20.5,8.0
subject85,40.0,100.0,100.0,0.0,20.5,8.0
subject86,60.0,40.0,100.0,0.0,20.5,8.0
subject87,80.0,100.0,100.0,0.0,20.5,8.0
subject88,80.0,20.0,20.0,0.0,20.5,8.0
subject89,60.0,60.0,100.0,0.0,20.5,8.0
subject90,60.0,100.0,60.0,0.0,20.5,8.0
subject91,60.0,20.0,80.0,0.0,20.5,8.0
subject92,80.0,20.0,20.0,0.0,20.5,8.0
subject93,60.0,20.0,20.0,0.0,20.5,8.0
subject94,80.0,20.0,40.0,0.0,20.5,8.0
subject95,40.0,40.0,80.0,0.0,20.5,8.0
subject96,40.0,20.0,20.0,0.0,20.5,8.0
subject97,60.0,60.0,60.0,0.0,20.5,8.0
subject98,40.0,80.0,80.0,0.0,20.5,8.0
subject99,40.0,20.0,100.0,0.0,20.5,8.0
subject100,60.0,100.0,100.0,0.0,20.5,8.0
subject101,80.0,80.0,20.0,0.0,20.5,8.0
subject102,40.0,100.0,20.0,0.0,20.5,8.0
subject103,80.0,80.0,20.0,0.0,20.5,8.0
subject104,60.0,60.0,80.0,0.0,20.5,8.0
subject105,60.0,20.0,20.0,0.0,20.5,8.0
subject106,60.0,100.0,100.0,0.0,20.5,8.0
subject107,80.0,60.0,80.0,0.0,20.5,8.0
subject108,40.0,100.0,100.0,0.0,20.5,8.0
subject109,40.0,80.0,100.0,0.0,20.5,8.0
subject110,40.0,100.0,60.0,0.0,20.5,8.0
subject111,40.0,20.0,100.0,0.0,20.5,8.0
subject112,60.0,80.0,100.0,0.0,20.5,8.0
subject113,40.0,100.0,100.0,0.0,20.5,8.0
subject114,40.0,40.0,40.0,0.0,20.5,8.0
subject115,40.0,20.0,80.0,0.0,20.5,8.0
subject116,60.0,60.0,80.0,0.0,20.5,8.0
subject117,80.0,20.0,20.0,0.0,20.5,8.0
subject118,80.0,100.0,60.0,0.0,20.5,8.0
subject119,80.0,100.0,100.0,0.0,20.5,8.0
subject120,60.0,40.0,80.0,0.0,20.5,8.0
subject121,40.0,20.0,100.0,0.0,20.5,8.0
subject122,80.0,80.0,40.0,0.0,20.5,8.0
subject123,80.0,100.0,20.0,0.0,20.5,8.0
subject124,80.0,80.0,100.0,0.0,20.5,8.0
subject125,40.0,80.0,20.0,0.0,20.5,8.0
subject126,80.0,80.0,100.0,0.0,20.5,8.0
subject127,60.0,20.0,100.0,0.0,20.5,8.0
subject128,40.0,40.0,100.0,0.0,20.5,8.0
subject129,40.0,20.0,100.0,0.0,20.5,8.0
subject130,60.0,40.0,100.0,0.0,20.5,8.0
subject131,40.0,80.0,20.0,0.0,20.5,8.0
subject132,40.0,100.0,80.0,0.0,20.5,8.0
subject133,40.0,40.0,60.0,0.0,20.5,8.0
subject134,60.0,80.0,60.0,0.0,20.5,8.0
subject135,80.0,20.0,60.0,0.0,20.5,8.0
subject136,80.0,100.0,100.0,0.0,20.5,8.0
subject137,80.0,80.0,100.0,0.0,20.5,8.0
subject138,60.0,80.0,20.0,0.0,20.5,8.0
subject139,60.0,20.0,40.0,0.0,20.5,8.0
subject140,80.0,60.0,20.0,0.0,20.5,8.0
subject141,60.0,100.0,20.0,0.0,20.5,8.0
subject142,80.0,100.0,20.0,0.0,20.5,8.0
subject143,60.0,20.0,100.0,0.0,20.5,8.0
subject144,80.0,40.0,60.0,0.0,20.5,8.0
subject145,80.0,60.0,60.0,0.0,20.5,8.0
subject146,40.0,60.0,20.0,0.0,20.5,8.0
subject147,60.0,40.0,40.0,0.0,20.5,8.0
subject148,40.0,60.0,60.0,0.0,20.5,8.0
subject149,60.0,40.0,100.0,0.0,20.5,8.0
subject150,60.0,60.0,20.0,0.0,20.5,8.0
subject151,60.0,40.0,100.0,0.0,20.5,8.0
subject152,60.0,80.0,20.0,0.0,20.5,8.0
subject153,60.0,20.0,40.0,0.0,20.5,8.0
subject154,80.0,100.0,20.0,0.0,20.5,8.0
subject155,80.0,100.0,100.0,0.0,20.5,8.0
subject156,40.0,40.0,60.0,0.0,20.5,8.0
subject157,60.0,20.0,40.0,0.0,20.5,8.0
subject158,80.0,40.0,100.0,0.0,20.5,8.0
subject159,80.0,20.0,80.0,0.0,20.5,8.0
subject160,80.0,40.0,100.0,0.0,20.5,8.0
subject161,60.0,40.0,40.0,0.0,20.5,8.0
subject162,60.0,40.0,20.0,0.0,20.5,8.0
subject163,80.0,100.0,20.0,0.0,20.5,8.0
subject164,60.0,40.0,80.0,0.0,20.5,8.0
subject165,40.0,40.0,80.0,0.0,20.5,8.0
subject166,60.0,80.0,100.0,0.0,20.5,8.0
subject167,40.0,20.0,20.0,0.0,20.5,8.0
subject168,80.0,80.0,20.0,0.0,20.5,8.0
subject169,40.0,20.0,80.0,0.0,20.5,8.0
subject170,80.0,100.0,20.0,0.0,20.5,8.0
subject171,40.0,20.0,80.0,0.0,20.5,8.0
subject172,40.0,80.0,20.0,0.0,20.5,8.0
subject173,60.0,100.0,100.0,0.0,20.5,8.0
subject174,60.0,40.0,100.0,0.0,20.5,8.0
subject175,80.0,100.0,100.0,0.0,20.5,8.0
subject176,40.0,60.0,20.0,0.0,20.5,8.0
subject177,80.0,60.0,100.0,0.0,20.5,8.0
subject178,60.0,80.0,100.0,0.0,20.5,8.0
subject179,40.0,20.0,80.0,0.0,20.5,8.0
subject180,40.0,60.0,20.0,0.0,20.5,8.0
subject181,80.0,20.0,20.0,0.0,20.5,8.0
subject182,40.0,80.0,60.0,0.0,20.5,8.0
subject183,40.0,80.0,100.0,0.0,20.5,8.0
subject184,40.0,20.0,100.0,0.0,20.5,8.0
subject185,60.0,40.0,20.0,0.0,20.5,8.0
subject186,40.0,100.0,20.0,0.0,20.5,8.0
subject187,40.0,80.0,100.0,0.0,20.5,8.0
subject188,60.0,100.0,80.0,0.0,20.5,8.0
subject189,60.0,40.0,80.0,0.0,20.5,8.0
subject190,60.0,80.0,100.0,0.0,20.5,8.0
subject191,80.0,100.0,20.0,0.0,20.5,8.0
subject192,60.0,40.0,100.0,0.0,20.5,8.0
subject193,40.0,20.0,100.0,0.0,20.5,8.0
subject194,40.0,20.0,20.0,0.0,20.5,8.0
subject195,80.0,40.0,60.0,0.0,20.5,8.0
subject196,60.0,80.0,20.0,0.0,20.5,8.0
subject197,80.0,20.0,100.0,0.0,20.5,8.0
subject198,60.0,40.0,80.0,0.0,20.5,8.0
subject199,60.0,100.0,100.0,0.0,20.5,8.0
subject200,40.0,40.0,80.0,0.0,20.5,8.0
subject201,60.0,80.0,100.0,0.0,20.5,8.0
subject202,80.0,20.0,80.0,0.0,20.5,8.0
subject203,80.0,40.0,20.0,0.0,20.5,8.0
subject204,60.0,100.0,100.0,0.0,20.5,8.0
subject205,80.0,40.0,100.0,0.0,20.5,8.0
subject206,60.0,60.0,20.0,0.0,20.5,8.0
subject207,40.0,100.0,80.0,0.0,20.5,8.0
subject208,40.0,20.0,100.0,0.0,20.5,8.0
subject209,60.0,60.0,20.0,0.0,20.5,8.0
subject210,40.0,80.0,60.0,0.0,20.5,8.0
subject211,40.0,40.0,60.0,0.0,20.5,8.0
subject212,80.0,60.0,100.0,0.0,20.5,8.0
subject213,40.0,100.0,20.0,0.0,20.5,8.0
subject214,80.0,80.0,60.0,0.0,20.5,8.0
subject215,40.0,40.0,20.0,0.0,20.5,8.0
subject216,40.0,60.0,20.0,0.0,20.5,8.0
subject217,60.0,60.0,100.0,0.0,20.5,8.0
subject218,80.0,100.0,60.0,0.0,20.5,8.0
subject219,40.0,100.0,20.0,0.0,20.5,8.0
subject220,40.0,60.0,40.0,0.0,20.5,8.0
subject221,40.0,60.0,60.0,0.0,20.5,8.0
subject222,60.0,80.0,100.0,0.0,20.5,8.0
subject223,80.0,60.0,20.0,0.0,20.5,8.0
subject224,60.0,80.0,60.0,0.0,20.5,8.0
subject225,80.0,20.0,20.0,0.0,20.5,8.0
subject226,40.0,80.0,100.0,0.0,20.5,8.0
subject227,80.0,40.0,20.0,0.0,20.5,8.0
subject228,60.0,100.0,80.0,0.0,20.5,8.0
subject229,40.0,60.0,20.0,0.0,20.5,8.0
subject230,80.0,80.0,100.0,0.0,20.5,8.0
subject231,80.0,80.0,100.0,0.0,20.5,8.0
subject232,60.0,100.0,100.0,0.0,20.5,8.0
subject233,40.0,100.0,60.0,0.0,20.5,8.0
subject234,40.0,100.0,60.0,0.0,20.5,8.0
subject235,80.0,100.0,100.0,0.0,20.5,8.0
subject236,80.0,40.0,20.0,0.0,20.5,8.0
subject237,80.0,100.0,20.0,0.0,20.5,8.0
subject238,40.0,20.0,20.0,0.0,20.5,8.0
subject239,40.0,20.0,100.0,0.0,20.5,8.0
subject240,60.0,60.0,40.0,0.0,20.5,8.0
subject241,80.0,20.0,60.0,0.0,20.5,8.0
subject242,40.0,20.0,100.0,0.0,20.5,8.0
subject243,80.0,100.0,20.0,0.0,20.5,8.0
subject244,60.0,80.0,20.0,0.0,20.5,8.0
subject245,40.0,100.0,80.0,0.0,20.5,8.0
subject246,60.0,100.0,20.0,0.0,20.5,8.0
subject247,60.0,20.0,100.0,0.0,20.5,8.0
subject248,60.0,20.0,20.0,0.0,20.5,8.0
subject249,60.0,60.0,20.0,0.0,20.5,8.0
subject250,60.0,60.0,20.0,0.0,20.5,8.0
subject251,60.0,100.0,20.0,0.0,20.5,8.0
subject252,60.0,80.0,20.0,0.0,20.5,8.0
subject253,40.0,20.0,100.0,0.0,20.5,8.0
subject254,40.0,20.0,60.0,0.0,20.5,8.0
subject255,40.0,20.0,80.0,0.0,20.5,8.0
subject256,80.0,60.0,80.0,0.0,20.5,8.0
subject257,60.0,20.0,20.0,0.0,20.5,8.0
subject258,60.0,80.0,20.0,0.0,20.5,8.0
subject259,80.0,60.0,20.0,0.0,20.5,8.0
subject260,80.0,40.0,40.0,0.0,20.5,8.0
subject261,60.0,40.0,100.0,0.0,20.5,8.0
subject262,40.0,100.0,80.0,0.0,20.5,8.0
subject263,60.0,40.0,80.0,0.0,20.5,8.0
subject264,60.0,80.0,100.0,0.0,20.5,8.0
subject265,80.0,100.0,60.0,0.0,20.5,8.0
subject266,60.0,40.0,80.0,0.0,20.5,8.0
subject267,40.0,20.0,40.0,0.0,20.5,8.0
subject268,40.0,20.0,60.0,0.0,20.5,8.0
subject269,60.0,100.0,100.0,0.0,20.5,8.0
subject270,40.0,40.0,20.0,0.0,20.5,8.0
subject271,60.0,100.0,100.0,0.0,20.5,8.0
subject272,80.0,20.0,80.0,0.0,20.5,8.0
subject273,40.0,60.0,80.0,0.0,20.5,8.0
subject274,40.0,20.0,40.0,0.0,20.5,8.0
subject275,60.0,20.0,20.0,0.0,20.5,8.0
subject276,40.0,100.0,80.0,0.0,20.5,8.0
subject277,80.0,20.0,100.0,0.0,20.5,8.0
subject278,80.0,40.0,100.0,0.0,20.5,8.0
subject279,80.0,80.0,80.0,0.0,20.5,8.0
subject280,40.0,60.0,80.0,0.0,20.5,8.0
subject281,60.0,100.0,80.0,0.0,20.5,8.0
subject282,40.0,80.0,100.0,0.0,20.5,8.0
subject283,60.0,20.0,20.0,0.0,20.5,8.0
subject284,60.0,80.0,100.0,0.0,20.5,8.0
subject285,60.0,80.0,80.0,0.0,20.5,8.0
subject286,60.0,100.0,40.0,0.0,20.5,8.0
subject287,60.0,80.0,20.0,0.0,20.5,8.0
subject288,80.0,100.0,20.0,0.0,20.5,8.0
subject289,40.0,100.0,100.0,0.0,20.5,8.0
subject290,60.0,100.0,100.0,0.0,20.5,8.0
subject291,60.0,60.0,100.0,0.0,20.5,8.0
subject292,40.0,60.0,40.0,0.0,20.5,8.0
subject293,60.0,100.0,100.0,0.0,20.5,8.0
subject294,60.0,100.0,100.0,0.0,20.5,8.0
subject295,60.0,80.0,20.0,0.0,20.5,8.0
subject296,40.0,100.0,100.0,0.0,20.5,8.0
subject297,60.0,100.0,40.0,0.0,20.5,8.0
subject298,40.0,80.0,20.0,0.0,20.5,8.0
subject299,40.0,40.0,60.0,0.0,20.5,8.0
subject300,80.0,60.0,100.0,0.0,20.5,8.0
subject301,80.0,20.0,100.0,0.0,20.5,8.0
subject302,60.0,80.0,20.0,0.0,20.5,8.0
subject303,40.0,40.0,20.0,0.0,20.5,8.0
subject304,80.0,20.0,20.0,0.0,20.5,8.0
subject305,40.0,100.0,100.0,0.0,20.5,8.0
subject306,80.0,40.0,100.0,0.0,20.5,8.0
subject307,80.0,60.0,100.0,0.0,20.5,8.0
subject308,60.0,80.0,100.0,0.0,20.5,8.0
subject309,60.0,60.0,100.0,0.0,20.5,8.0
subject310,80.0,60.0,80.0,0.0,20.5,8.0
subject311,40.0,60.0,100.0,0.0,20.5,8.0
subject312,80.0,60.0,20.0,0.0,20.5,8.0
subject313,40.0,60.0,60.0,0.0,20.5,8.0
subject314,80.0,100.0,80.0,0.0,20.5,8.0
subject315,40.0,20.0,20.0,0.0,20.5,8.0
subject316,60.0,40.0,60.0,0.0,20.5,8.0
subject317,60.0,20.0,20.0,0.0,20.5,8.0
subject318,40.0,40.0,20.0,0.0,20.5,8.0
subject319,60.0,100.0,100.0,0.0,20.5,8.0
subject320,60.0,100.0,80.0,0.0,20.5,8.0
subject321,60.0,40.0,20.0,0.0,20.5,8.0
subject322,80.0,80.0,100.0,0.0,20.5,8.0
subject323,80.0,40.0,100.0,0.0,20.5,8.0
subject324,80.0,20.0,100.0,0.0,20.5,8.0
subject325,60.0,100.0,60.0,0.0,20.5,8.0
subject326,60.0,100.0,100.0,0.0,20.5,8.0
subject327,40.0,60.0,100.0,0.0,20.5,8.0
subject328,40.0,100.0,80.0,0.0,20.5,8.0
subject329,60.0,80.0,40.0,0.0,20.5,8.0
subject330,80.0,100.0,20.0,0.0,20.5,8.0
subject331,60.0,40.0,80.0,0.0,20.5,8.0
subject332,60.0,20.0,20.0,0.0,20.5,8.0
subject333,60.0,40.0,100.0,0.0,20.5,8.0
subject334,80.0,20.0,40.0,0.0,20.5,8.0
subject335,60.0,100.0,100.0,0.0,20.5,8.0
subject336,60.0,100.0,20.0,0.0,20.5,8.0
subject337,80.0,80.0,100.0,0.0,20.5,8.0
subject338,60.0,100.0,60.0,0.0,20.5,8.0
subject339,40.0,100.0,40.0,0.0,20.5,8.0
subject340,60.0,40.0,60.0,0.0,20.5,8.0
subject341,60.0,80.0,40.0,0.0,20.5,8.0
subject342,60.0,40.0,100.0,0.0,20.5,8.0
subject343,80.0,100.0,100.0,0.0,20.5,8.0
subject344,40.0,40.0,20.0,0.0,20.5,8.0
subject345,80.0,80.0,20.0,0.0,20.5,8.0
subject346,40.0,100.0,100.0,0.0,20.5,8.0
subject347,80.0,20.0,100.0,0.0,20.5,8.0
subject348,80.0,20.0,100.0,0.0,20.5,8.0
subject349,60.0,80.0,100.0,0.0,20.5,8.0
subject350,60.0,60.0,20.0,0.0,20.5,8.0
subject351,60.0,20.0,60.0,0.0,20.5,8.0
subject352,80.0,20.0,100.0,0.0,20.5,8.0
subject353,60.0,80.0,20.0,0.0,20.5,8.0
subject354,40.0,40.0,100.0,0.0,20.5,8.0
subject355,60.0,20.0,40.0,0.0,20.5,8.0
subject356,40.0,100.0,20.0,0.0,20.5,8.0
subject357,60.0,20.0,20.0,0.0,20.5,8.0
subject358,40.0,100.0,80.0,0.0,20.5,8.0
subject359,80.0,60.0,40.0,0.0,20.5,8.0
subject360,60.0,100.0,80.0,0.0,20.5,8.0
subject361,40.0,20.0,100.0,0.0,20.5,8.0
subject362,80.0,100.0,40.0,0.0,20.5,8.0
subject363,40.0,80.0,20.0,0.0,20.5,8.0
subject364,60.0,20.0,100.0,0.0,20.5,8.0
subject365,40.0,20.0,100.0,0.0,20.5,8.0
subject366,80.0,20.0,60.0,0.0,20.5,8.0
subject367,80.0,80.0,40.0,0.0,20.5,8.0
subject368,40.0,100.0,60.0,0.0,20.5,8.0
subject369,60.0,20.0,20.0,0.0,20.5,8.0
subject370,40.0,80.0,100.0,0.0,20.5,8.0
subject371,60.0,20.0,40.0,0.0,20.5,8.0
subject372,40.0,60.0,20.0,0.0,20.5,8.0
subject373,80.0,20.0,20.0,0.0,20.5,8.0
subject374,40.0,20.0,100.0,0.0,20.5,8.0
subject375,80.0,100.0,100.0,0.0,20.5,8.0
subject376,80.0,100.0,80.0,0.0,20.5,8.0
subject377,60.0,80.0,80.0,0.0,20.5,8.0
subject378,60.0,20.0,40.0,0.0,20.5,8.0
subject379,80.0,20.0,100.0,0.0,20.5,8.0
subject380,60.0,60.0,100.0,0.0,20.5,8.0
subject381,60.0,20.0,100.0,0.0,20.5,8.0
subject382,80.0,20.0,100.0,0.0,20.5,8.0
subject383,80.0,100.0,20.0,0.0,20.5,8.0
subject384,40.0,80.0,20.0,0.0,20.5,8.0
subject385,40.0,100.0,100.0,0.0,20.5,8.0
subject386,60.0,100.0,100.0,0.0,20.5,8.0
subject387,40.0,60.0,100.0,0.0,20.5,8.0
subject388,80.0,60.0,40.0,0.0,20.5,8.0
subject389,40.0,40.0,100.0,0.0,20.5,8.0
subject390,40.0,20.0,100.0,0.0,20.5,8.0
subject391,60.0,60.0,100.0,0.0,20.5,8.0
subject392,60.0,100.0,40.0,0.0,20.5,8.0
subject393,40.0,60.0,60.0,0.0,20.5,8.0
subject394,40.0,100.0,100.0,0.0,20.5,8.0
subject395,60.0,60.0,20.0,0.0,20.5,8.0
subject396,60.0,100.0,20.0,0.0,20.5,8.0
subject397,60.0,20.0,80.0,0.0,20.5,8.0
subject398,40.0,60.0,20.0,0.0,20.5,8.0
subject399,40.0,60.0,20.0,0.0,20.5,8.0
subject400,40.0,20.0,100.0,0.0,20.5,8.0
subject401,40.0,100.0,20.0,0.0,20.5,8.0
subject402,60.0,80.0,20.0,0.0,20.5,8.0
subject403,60.0,80.0,20.0,0.0,20.5,8.0
subject404,60.0,20.0,100.0,0.0,20.5,8.0
subject405,80.0,40.0,100.0,0.0,20.5,8.0
subject406,60.0,100.0,20.0,0.0,20.5,8.0
subject407,40.0,100.0,20.0,0.0,20.5,8.0
subject408,80.0,100.0,100.0,0.0,20.5,8.0
subject409,40.0,100.0,20.0,0.0,20.5,8.0
subject410,40.0,80.0,20.0,0.0,20.5,8.0
subject411,80.0,20.0,20.0,0.0,20.5,8.0
subject412,80.0,80.0,40.0,0.0,20.5,8.0
subject413,80.0,80.0,40.0,0.0,20.5,8.0
subject414,80.0,80.0,20.0,0.0,20.5,8.0
subject415,80.0,40.0,20.0,0.0,20.5,8.0
subject416,80.0,20.0,100.0,0.0,20.5,8.0
subject417,80.0,100.0,20.0,0.0,20.5,8.0
subject418,40.0,20.0,100.0,0.0,20.5,8.0
subject419,80.0,20.0,100.0,0.0,20.5,8.0
subject420,40.0,20.0,20.0,0.0,20.5,8.0
subject421,40.0,40.0,80.0,0.0,20.5,8.0
subject422,40.0,20.0,20.0,0.0,20.5,8.0
subject423,40.0,60.0,80.0,0.0,20.5,8.0
subject424,80.0,20.0,100.0,0.0,20.5,8.0
subject425,80.0,40.0,80.0,0.0,20.5,8.0
subject426,60.0,80.0,100.0,0.0,20.5,8.0
subject427,80.0,20.0,20.0,0.0,20.5,8.0
subject428,60.0,100.0,20.0,0.0,20.5,8.0
subject429,40.0,100.0,100.0,0.0,20.5,8.0
subject430,60.0,80.0,20.0,0.0,20.5,8.0
subject431,40.0,100.0,20.0,0.0,20.5,8.0
subject432,40.0,80.0,100.0,0.0,20.5,8.0
subject433,80.0,20.0,40.0,0.0,20.5,8.0
subject434,40.0,20.0,100.0,0.0,20.5,8.0
subject435,60.0,80.0,20.0,0.0,20.5,8.0
subject436,80.0,20.0,60.0,0.0,20.5,8.0
subject437,60.0,60.0,40.0,0.0,20.5,8.0
subject438,40.0,100.0,20.0,0.0,20.5,8.0
subject439,80.0,20.0,20.0,0.0,20.5,8.0
subject440,60.0,100.0,100.0,0.0,20.5,8.0
subject441,40.0,40.0,100.0,0.0,20.5,8.0
subject442,60.0,100.0,100.0,0.0,20.5,8.0
subject443,60.0,40.0,20.0,0.0,20.5,8.0
subject444,40.0,80.0,20.0,0.0,20.5,8.0
subject445,80.0,20.0,60.0,0.0,20.5,8.0
subject446,40.0,100.0,20.0,0.0,20.5,8.0
subject447,80.0,40.0,20.0,0.0,20.5,8.0
subject448,80.0,100.0,40.0,0.0,20.5,8.0
subject449,60.0,20.0,80.0,0.0,20.5,8.0
subject450,40.0,100.0,100.0,0.0,20.5,8.0
subject451,40.0,80.0,40.0,0.0,20.5,8.0
subject452,60.0,40.0,60.0,0.0,20.5,8.0
subject453,80.0,60.0,20.0,0.0,20.5,8.0
subject454,60.0,20.0,20.0,0.0,20.5,8.0
subject455,80.0,100.0,20.0,0.0,20.5,8.0
subject456,40.0,80.0,40.0,0.0,20.5,8.0
subject457,40.0,100.0,100.0,0.0,20.5,8.0
subject458,60.0,40.0,100.0,0.0,20.5,8.0
subject459,60.0,20.0,100.0,0.0,20.5,8.0
subject460,80.0,40.0,100.0,0.0,20.5,8.0
subject461,80.0,100.0,80.0,0.0,20.5,8.0
subject462,80.0,100.0,20.0,0.0,20.5,8.0
subject463,60.0,100.0,100.0,0.0,20.5,8.0
subject464,80.0,60.0,20.0,0.0,20.5,8.0
subject465,40.0,60.0,100.0,0.0,20.5,8.0
subject466,60.0,100.0,100.0,0.0,20.5,8.0
subject467,80.0,20.0,20.0,0.0,20.5,8.0
subject468,60.0,100.0,20.0,0.0,20.5,8.0
subject469,40.0,100.0,100.0,0.0,20.5,8.0
subject470,60.0,40.0,20.0,0.0,20.5,8.0
subject471,60.0,100.0,100.0,0.0,20.5,8.0
subject472,40.0,20.0,100.0,0.0,20.5,8.0
subject473,60.0,60.0,100.0,0.0,20.5,8.0
subject474,60.0,40.0,100.0,0.0,20.5,8.0
subject475,60.0,100.0,100.0,0.0,20.5,8.0
subject476,60.0,20.0,40.0,0.0,20.5,8.0
subject477,80.0,40.0,20.0,0.0,20.5,8.0
subject478,40.0,20.0,100.0,0.0,20.5,8.0
subject479,40.0,100.0,100.0,0.0,20.5,8.0
subject480,60.0,100.0,20.0,0.0,20.5,8.0
subject481,60.0,80.0,20.0,0.0,20.5,8.0
subject482,80.0,40.0,100.0,0.0,20.5,8.0
subject483,80.0,40.0,20.0,0.0,20.5,8.0
subject484,40.0,100.0,100.0,0.0,20.5,8.0
subject485,80.0,20.0,20.0,0.0,20.5,8.0
subject486,60.0,20.0,100.0,0.0,20.5,8.0
subject487,60.0,100.0,20.0,0.0,20.5,8.0
subject488,60.0,100.0,20.0,0.0,20.5,8.0
subject489,60.0,80.0,80.0,0.0,20.5,8.0
subject490,80.0,80.0,20.0,0.0,20.5,8.0
subject491,40.0,80.0,20.0,0.0,20.5,8.0
subject492,60.0,20.0,20.0,0.0,20.5,8.0
subject493,60.0,100.0,100.0,0.0,20.5,8.0
subject494,40.0,100.0,40.0,0.0,20.5,8.0
subject495,40.0,20.0,60.0,0.0,20.5,8.0
subject496,80.0,20.0,20.0,0.0,20.5,8.0
subject497,80.0,20.0,40.0,0.0,20.5,8.0
subject498,60.0,80.0,100.0,0.0,20.5,8.0
subject499,60.0,80.0,80.0,0.0,20.5,8.0
subject500,40.0,80.0,100.0,0.0,20.5,8.0
subject501,60.0,100.0,80.0,0.0,20.5,8.0
subject502,60.0,100.0,100.0,0.0,20.5,8.0
subject503,60.0,80.0,40.0,0.0,20.5,8.0
subject504,80.0,20.0,100.0,0.0,20.5,8.0
subject505,40.0,60.0,80.0,0.0,20.5,8.0
subject506,40.0,100.0,20.0,0.0,20.5,8.0
subject507,80.0,80.0,100.0,0.0,20.5,8.0
subject508,80.0,80.0,100.0,0.0,20.5,8.0
subject509,40.0,100.0,20.0,0.0,20.5,8.0
subject510,40.0,20.0,100.0,0.0,20.5,8.0
subject511,40.0,80.0,40.0,0.0,20.5,8.0
subject512,60.0,20.0,80.0,0.0,20.5,8.0
subject513,60.0,100.0,20.0,0.0,20.5,8.0
subject514,60.0,20.0,100.0,0.0,20.5,8.0
subject515,60.0,40.0,100.0,0.0,20.5,8.0
subject516,80.0,20.0,60.0,0.0,20.5,8.0
subject517,60.0,20.0,20.0,0.0,20.5,8.0
subject518,60.0,20.0,100.0,0.0,20.5,8.0
subject519,60.0,20.0,80.0,0.0,20.5,8.0
subject520,60.0,40.0,40.0,0.0,20.5,8.0
subject521,60.0,100.0,80.0,0.0,20.5,8.0
subject522,40.0,20.0,20.0,0.0,20.5,8.0
subject523,40.0,40.0,20.0,0.0,20.5,8.0
subject524,60.0,100.0,20.0,0.0,20.5,8.0
subject525,40.0,40.0,100.0,0.0,20.5,8.0
subject526,60.0,80.0,80.0,0.0,20.5,8.0
subject527,80.0,20.0,40.0,0.0,20.5,8.0
subject528,60.0,20.0,20.0,0.0,20.5,8.0
subject529,40.0,60.0,20.0,0.0,20.5,8.0
subject530,80.0,100.0,20.0,0.0,20.5,8.0
subject531,60.0,80.0,100.0,0.0,20.5,8.0
subject532,80.0,60.0,20.0,0.0,20.5,8.0
subject533,40.0,100.0,100.0,0.0,20.5,8.0
subject534,60.0,100.0,80.0,0.0,20.5,8.0
subject535,40.0,20.0,100.0,0.0,20.5,8.0
subject536,80.0,100.0,40.0,0.0,20.5,8.0
subject537,60.0,60.0,20.0,0.0,20.5,8.0
subject538,60.0,40.0,20.0,0.0,20.5,8.0
subject539,40.0,60.0,20.0,0.0,20.5,8.0
subject540,80.0,40.0,80.0,0.0,20.5,8.0
subject541,80.0,20.0,80.0,0.0,20.5,8.0
subject542,60.0,40.0,20.0,0.0,20.5,8.0
subject543,60.0,80.0,100.0,0.0,20.5,8.0
subject544,80.0,20.0,100.0,0.0,20.5,8.0
subject545,80.0,100.0,20.0,0.0,20.5,8.0
subject546,40.0,40.0,60.0,0.0,20.5,8.0
subject547,40.0,20.0,20.0,0.0,20.5,8.0
subject548,80.0,60.0,60.0,0.0,20.5,8.0
subject549,60.0,20.0,80.0,0.0,20.5,8.0
subject550,60.0,40.0,100.0,0.0,20.5,8.0
subject551,60.0,20.0,60.0,0.0,20.5,8.0
subject552,80.0,60.0,20.0,0.0,20.5,8.0
subject553,80.0,80.0,100.0,0.0,20.5,8.0
subject554,60.0,80.0,100.0,0.0,20.5,8.0
subject555,40.0,80.0,100.0,0.0,20.5,8.0
subject556,80.0,20.0,100.0,0.0,20.5,8.0
subject557,80.0,80.0,20.0,0.0,20.5,8.0
subject558,60.0,20.0,40.0,0.0,20.5,8.0
subject559,40.0,100.0,80.0,0.0,20.5,8.0
subject560,60.0,60.0,20.0,0.0,20.5,8.0
subject561,40.0,100.0,100.0,0.0,20.5,8.0
subject562,80.0,100.0,60.0,0.0,20.5,8.0
subject563,40.0,60.0,60.0,0.0,20.5,8.0
subject564,40.0,40.0,40.0,0.0,20.5,8.0
subject565,60.0,20.0,100.0,0.0,20.5,8.0
subject566,60.0,60.0,80.0,0.0,20.5,8.0
subject567,40.0,100.0,20.0,0.0,20.5,8.0
subject568,40.0,40.0,20.0,0.0,20.5,8.0
subject569,40.0,100.0,40.0,0.0,20.5,8.0
subject570,80.0,80.0,20.0,0.0,20.5,8.0
subject571,80.0,40.0,20.0,0.0,20.5,8.0
subject572,40.0,80.0,20.0,0.0,20.5,8.0
subject573,80.0,100.0,100.0,0.0,20.5,8.0
subject574,60.0,40.0,20.0,0.0,20.5,8.0
subject575,60.0,100.0,20.0,0.0,20.5,8.0
subject576,80.0,80.0,20.0,0.0,20.5,8.0
subject577,60.0,60.0,20.0,0.0,20.5,8.0
subject578,40.0,80.0,100.0,0.0,20.5,8.0
subject579,60.0,60.0,100.0,0.0,20.5,8.0
subject580,60.0,80.0,20.0,0.0,20.5,8.0
subject581,80.0,80.0,20.0,0.0,20.5,8.0
subject582,60.0,80.0,100.0,0.0,20.5,8.0
subject583,80.0,100.0,20.0,0.0,20.5,8.0
subject584,80.0,100.0,80.0,0.0,20.5,8.0
subject585,60.0,60.0,40.0,0.0,20.5,8.0
subject586,60.0,40.0,80.0,0.0,20.5,8.0
subject587,80.0,40.0,60.0,0.0,20.5,8.0
subject588,60.0,100.0,100.0,0.0,20.5,8.0
subject589,80.0,20.0,100.0,0.0,20.5,8.0
subject590,80.0,80.0,60.0,0.0,20.5,8.0
subject591,80.0,20.0,60.0,0.0,20.5,8.0
subject592,80.0,20.0,100.0,0.0,20.5,8.0
subject593,80.0,80.0,100.0,0.0,20.5,8.0
subject594,60.0,60.0,100.0,0.0,20.5,8.0
subject595,80.0,100.0,20.0,0.0,20.5,8.0
subject596,40.0,40.0,60.0,0.0,20.5,8.0
subject597,80.0,100.0,100.0,0.0,20.5,8.0
subject598,40.0,40.0,20.0,0.0,20.5,8.0
subject599,40.0,40.0,100.0,0.0,20.5,8.0
subject600,80.0,100.0,100.0,0.0,20.5,8.0
subject601,60.0,60.0,100.0,0.0,20.5,8.0
subject602,80.0,40.0,100.0,0.0,20.5,8.0
subject603,60.0,40.0,60.0,0.0,20.5,8.0
subject604,40.0,100.0,100.0,0.0,20.5,8.0
subject605,60.0,40.0,60.0,0.0,20.5,8.0
subject606,40.0,80.0,20.0,0.0,20.5,8.0
subject607,40.0,40.0,80.0,0.0,20.5,8.0
subject608,80.0,100.0,100.0,0.0,20.5,8.0
subject609,80.0,100.0,80.0,0.0,20.5,8.0
subject610,80.0,40.0,100.0,0.0,20.5,8.0
subject611,40.0,20.0,20.0,0.0,20.5,8.0
subject612,40.0,20.0,20.0,0.0,20.5,8.0
subject613,60.0,100.0,100.0,0.0,20.5,8.0
subject614,40.0,60.0,100.0,0.0,20.5,8.0
subject615,60.0,40.0,40.0,0.0,20.5,8.0
subject616,80.0,100.0,20.0,0.0,20.5,8.0
subject617,60.0,60.0,100.0,0.0,20.5,8.0
subject618,60.0,20.0,100.0,0.0,20.5,8.0
subject619,40.0,20.0,100.0,0.0,20.5,8.0
subject620,60.0,100.0,60.0,0.0,20.5,8.0
subject621,40.0,80.0,80.0,0.0,20.5,8.0
subject622,60.0,20.0,100.0,0.0,20.5,8.0
subject623,40.0,40.0,80.0,0.0,20.5,8.0
subject624,80.0,80.0,20.0,0.0,20.5,8.0
subject625,40.0,60.0,60.0,0.0,20.5,8.0
subject626,60.0,80.0,60.0,0.0,20.5,8.0
subject627,40.0,100.0,100.0,0.0,20.5,8.0
subject628,60.0,60.0,20.0,0.0,20.5,8.0
subject629,80.0,40.0,100.0,0.0,20.5,8.0
subject630,40.0,40.0,100.0,0.0,20.5,8.0
subject631,40.0,80.0,40.0,0.0,20.5,8.0
subject632,40.0,100.0,20.0,0.0,20.5,8.0
subject633,60.0,100.0,100.0,0.0,20.5,8.0
subject634,40.0,100.0,80.0,0.0,20.5,8.0
subject635,40.0,20.0,60.0,0.0,20.5,8.0
subject636,80.0,20.0,100.0,0.0,20.5,8.0
subject637,40.0,40.0,100.0,0.0,20.5,8.0
subject638,80.0,80.0,20.0,0.0,20.5,8.0
subject639,40.0,80.0,40.0,0.0,20.5,8.0
subject640,40.0,100.0,80.0,0.0,20.5,8.0
subject641,40.0,40.0,100.0,0.0,20.5,8.0
subject642,40.0,100.0,80.0,0.0,20.5,8.0
subject643,40.0,60.0,20.0,0.0,20.5,8.0
subject644,40.0,80.0,40.0,0.0,20.5,8.0
subject645,40.0,20.0,100.0,0.0,20.5,8.0
subject646,40.0,80.0,20.0,0.0,20.5,8.0
subject647,40.0,20.0,20.0,0.0,20.5,8.0
subject648,60.0,80.0,100.0,0.0,20.5,8.0
subject649,60.0,20.0,60.0,0.0,20.5,8.0
subject650,80.0,60.0,100.0,0.0,20.5,8.0
subject651,40.0,40.0,100.0,0.0,20.5,8.0
subject652,60.0,20.0,100.0,0.0,20.5,8.0
subject653,40.0,80.0,100.0,0.0,20.5,8.0
subject654,60.0,60.0,80.0,0.0,20.5,8.0
subject655,40.0,80.0,100.0,0.0,20.5,8.0
subject656,40.0,40.0,100.0,0.0,20.5,8.0
subject657,40.0,40.0,100.0,0.0,20.5,8.0
subject658,60.0,60.0,40.0,0.0,20.5,8.0
subject659,80.0,80.0,20.0,0.0,20.5,8.0
subject660,60.0,80.0,20.0,0.0,20.5,8.0
subject661,60.0,40.0,20.0,0.0,20.5,8.0
subject662,40.0,60.0,80.0,0.0,20.5,8.0
subject663,40.0,100.0,100.0,0.0,20.5,8.0
subject664,80.0,20.0,80.0,0.0,20.5,8.0
subject665,80.0,20.0,20.0,0.0,20.5,8.0
subject666,40.0,40.0,100.0,0.0,20.5,8.0
subject667,80.0,20.0,20.0,0.0,20.5,8.0
subject668,80.0,100.0,20.0,0.0,20.5,8.0
subject669,40.0,100.0,100.0,0.0,20.5,8.0
subject670,40.0,40.0,20.0,0.0,20.5,8.0
subject671,40.0,60.0,20.0,0.0,20.5,8.0
subject672,60.0,100.0,40.0,0.0,20.5,8.0
subject673,80.0,80.0,80.0,0.0,20.5,8.0
subject674,60.0,60.0,100.0,0.0,20.5,8.0
subject675,60.0,100.0,40.0,0.0,20.5,8.0
subject676,60.0,40.0,20.0,0.0,20.5,8.0
subject677,60.0,80.0,100.0,0.0,20.5,8.0
subject678,40.0,80.0,80.0,0.0,20.5,8.0
subject679,40.0,20.0,40.0,0.0,20.5,8.0
subject680,80.0,100.0,100.0,0.0,20.5,8.0
subject681,60.0,20.0,20.0,0.0,20.5,8.0
subject682,60.0,20.0,100.0,0.0,20.5,8.0
subject683,60.0,20.0,20.0,0.0,20.5,8.0
subject684,40.0,100.0,20.0,0.0,20.5,8.0
subject685,80.0,60.0,100.0,0.0,20.5,8.0
subject686,80.0,20.0,100.0,0.0,20.5,8.0
subject687,40.0,40.0,20.0,0.0,20.5,8.0
subject688,60.0,100.0,60.0,0.0,20.5,8.0
subject689,60.0,80.0,20.0,0.0,20.5,8.0
subject690,80.0,100.0,100.0,0.0,20.5,8.0
subject691,60.0,40.0,100.0,0.0,20.5,8.0
subject692,40.0,100.0,100.0,0.0,20.5,8.0
subject693,40.0,100.0,80.0,0.0,20.5,8.0
subject694,80.0,100.0,100.0,0.0,20.5,8.0
subject695,60.0,100.0,40.0,0.0,20.5,8.0
subject696,60.0,20.0,20.0,0.0,20.5,8.0
subject697,80.0,100.0,100.0,0.0,20.5,8.0
subject698,60.0,20.0,20.0,0.0,20.5,8.0
subject699,40.0,40.0,20.0,0.0,20.5,8.0
subject700,60.0,20.0,100.0,0.0,20.5,8.0
subject701,60.0,100.0,100.0,0.0,20.5,8.0
subject702,80.0,40.0,20.0,0.0,20.5,8.0
subject703,40.0,60.0,40.0,0.0,20.5,8.0
subject704,40.0,60.0,100.0,0.0,20.5,8.0
subject705,60.0,20.0,60.0,0.0,20.5,8.0
subject706,80.0,40.0,80.0,0.0,20.5,8.0
subject707,80.0,60.0,20.0,0.0,20.5,8.0
subject708,80.0,60.0,60.0,0.0,20.5,8.0
subject709,60.0,20.0,100.0,0.0,20.5,8.0
subject710,80.0,100.0,100.0,0.0,20.5,8.0
subject711,40.0,100.0,20.0,0.0,20.5,8.0
subject712,80.0,20.0,20.0,0.0,20.5,8.0
subject713,60.0,100.0,20.0,0.0,20.5,8.0
subject714,80.0,80.0,80.0,0.0,20.5,8.0
subject715,60.0,100.0,20.0,0.0,20.5,8.0
subject716,60.0,100.0,100.0,0.0,20.5,8.0
subject717,60.0,20.0,100.0,0.0,20.5,8.0
subject718,80.0,100.0,100.0,0.0,20.5,8.0
subject719,80.0,40.0,20.0,0.0,20.5,8.0
subject720,80.0,100.0,20.0,0.0,20.5,8.0
subject721,60.0,20.0,20.0,0.0,20.5,8.0
subject722,40.0,100.0,80.0,0.0,20.5,8.0
subject723,60.0,20.0,100.0,0.0,20.5,8.0
subject724,40.0,20.0,20.0,0.0,20.5,8.0
subject725,60.0,80.0,20.0,0.0,20.5,8.0
subject726,40.0,40.0,20.0,0.0,20.5,8.0
subject727,40.0,60.0,20.0,0.0,20.5,8.0
subject728,40.0,60.0,20.0,0.0,20.5,8.0
subject729,60.0,100.0,60.0,0.0,20.5,8.0
subject730,60.0,20.0,100.0,0.0,20.5,8.0
subject731,60.0,60.0,100.0,0.0,20.5,8.0
subject732,80.0,100.0,20.0,0.0,20.5,8.0
subject733,40.0,40.0,20.0,0.0,20.5,8.0
subject734,80.0,20.0,20.0,0.0,20.5,8.0
subject735,60.0,60.0,20.0,0.0,20.5,8.0
subject736,40.0,100.0,80.0,0.0,20.5,8.0
subject737,40.0,100.0,20.0,0.0,20.5,8.0
subject738,60.0,80.0,20.0,0.0,20.5,8.0
subject739,60.0,20.0,100.0,0.0,20.5,8.0
subject740,80.0,40.0,20.0,0.0,20.5,8.0
subject741,40.0,20.0,80.0,0.0,20.5,8.0
subject742,40.0,80.0,100.0,0.0,20.5,8.0
subject743,60.0,100.0,100.0,0.0,20.5,8.0
subject744,80.0,40.0,40.0,0.0,20.5,8.0
subject745,60.0,20.0,100.0,0.0,20.5,8.0
subject746,80.0,20.0,60.0,0.0,20.5,8.0
subject747,40.0,20.0,20.0,0.0,20.5,8.0
subject748,80.0,100.0,20.0,0.0,20.5,8.0
subject749,40.0,100.0,20.0,0.0,20.5,8.0
subject750,80.0,20.0,80.0,0.0,20.5,8.0
subject751,60.0,20.0,20.0,0.0,20.5,8.0
subject752,40.0,100.0,100.0,0.0,20.5,8.0
subject753,60.0,100.0,20.0,0.0,20.5,8.0
subject754,60.0,80.0,40.0,0.0,20.5,8.0
subject755,80.0,100.0,20.0,0.0,20.5,8.0
subject756,80.0,20.0,100.0,0.0,20.5,8.0
subject757,80.0,40.0,40.0,0.0,20.5,8.0
subject758,60.0,100.0,80.0,0.0,20.5,8.0
subject759,40.0,20.0,20.0,0.0,20.5,8.0
subject760,80.0,40.0,80.0,0.0,20.5,8.0
subject761,60.0,40.0,100.0,0.0,20.5,8.0
subject762,80.0,20.0,100.0,0.0,20.5,8.0
subject763,60.0,40.0,100.0,0.0,20.5,8.0
subject764,40.0,20.0,80.0,0.0,20.5,8.0
subject765,60.0,40.0,20.0,0.0,20.5,8.0
subject766,40.0,80.0,100.0,0.0,20.5,8.0
subject767,40.0,20.0,60.0,0.0,20.5,8.0
subject768,80.0,20.0,40.0,0.0,20.5,8.0
subject769,80.0,40.0,40.0,0.0,20.5,8.0
subject770,60.0,100.0,20.0,0.0,20.5,8.0
subject771,60.0,100.0,20.0,0.0,20.5,8.0
subject772,40.0,100.0,80.0,0.0,20.5,8.0
subject773,40.0,100.0,20.0,0.0,20.5,8.0
subject774,80.0,20.0,100.0,0.0,20.5,8.0
subject775,60.0,100.0,20.0,0.0,20.5,8.0
subject776,40.0,80.0,100.0,0.0,20.5,8.0
subject777,40.0,60.0,100.0,0.0,20.5,8.0
subject778,80.0,80.0,20.0,0.0,20.5,8.0
subject779,60.0,80.0,100.0,0.0,20.5,8.0
subject780,60.0,40.0,100.0,0.0,20.5,8.0
subject781,60.0,40.0,80.0,0.0,20.5,8.0
subject782,80.0,80.0,20.0,0.0,20.5,8.0
subject783,40.0,100.0,20.0,0.0,20.5,8.0
subject784,60.0,60.0,100.0,0.0,20.5,8.0
subject785,40.0,20.0,100.0,0.0,20.5,8.0
subject786,40.0,40.0,60.0,0.0,20.5,8.0
subject787,40.0,100.0,20.0,0.0,20.5,8.0
subject788,40.0,20.0,100.0,0.0,20.5,8.0
subject789,80.0,80.0,20.0,0.0,20.5,8.0
subject790,60.0,80.0,80.0,0.0,20.5,8.0
subject791,80.0,60.0,80.0,0.0,20.5,8.0
subject792,80.0,40.0,80.0,0.0,20.5,8.0
subject793,60.0,20.0,100.0,0.0,20.5,8.0
subject794,40.0,60.0,40.0,0.0,20.5,8.0
subject795,40.0,20.0,80.0,0.0,20.5,8.0
subject796,80.0,20.0,20.0,0.0,20.5,8.0
subject797,80.0,20.0,100.0,0.0,20.5,8.0
subject798,60.0,80.0,20.0,0.0,20.5,8.0
subject799,80.0,100.0,80.0,0.0,20.5,8.0
subject800,60.0,40.0,20.0,0.0,20.5,8.0
subject801,40.0,80.0,20.0,0.0,20.5,8.0
subject802,40.0,100.0,20.0,0.0,20.5,8.0
subject803,60.0,100.0,40.0,0.0,20.5,8.0
subject804,80.0,40.0,20.0,0.0,20.5,8.0
subject805,80.0,20.0,40.0,0.0,20.5,8.0
subject806,60.0,20.0,80.0,0.0,20.5,8.0
subject807,40.0,20.0,80.0,0.0,20.5,8.0
subject808,40.0,60.0,80.0,0.0,20.5,8.0
subject809,40.0,80.0,100.0,0.0,20.5,8.0
subject810,40.0,20.0,100.0,0.0,20.5,8.0
subject811,60.0,100.0,20.0,0.0,20.5,8.0
subject812,80.0,60.0,20.0,0.0,20.5,8.0
subject813,60.0,100.0,40.0,0.0,20.5,8.0
subject814,60.0,20.0,100.0,0.0,20.5,8.0
subject815,80.0,80.0,60.0,0.0,20.5,8.0
subject816,60.0,20.0,100.0,0.0,20.5,8.0
subject817,80.0,20.0,60.0,0.0,20.5,8.0
subject818,60.0,100.0,40.0,0.0,20.5,8.0
subject819,60.0,20.0,20.0,0.0,20.5,8.0
subject820,80.0,40.0,20.0,0.0,20.5,8.0
subject821,80.0,100.0,80.0,0.0,20.5,8.0
subject822,60.0,20.0,20.0,0.0,20.5,8.0
subject823,40.0,20.0,20.0,0.0,20.5,8.0
subject824,60.0,100.0,40.0,0.0,20.5,8.0
subject825,80.0,60.0,40.0,0.0,20.5,8.0
subject826,80.0,40.0,40.0,0.0,20.5,8.0
subject827,40.0,20.0,60.0,0.0,20.5,8.0
subject828,60.0,100.0,80.0,0.0,20.5,8.0
subject829,40.0,60.0,100.0,0.0,20.5,8.0
subject830,60.0,100.0,40.0,0.0,20.5,8.0
subject831,60.0,100.0,100.0,0.0,20.5,8.0
subject832,80.0,80.0,100.0,0.0,20.5,8.0
subject833,40.0,20.0,100.0,0.0,20.5,8.0
subject834,60.0,60.0,20.0,0.0,20.5,8.0
subject835,60.0,80.0,100.0,0.0,20.5,8.0
subject836,40.0,20.0,20.0,0.0,20.5,8.0
subject837,40.0,100.0,40.0,0.0,20.5,8.0
subject838,80.0,100.0,20.0,0.0,20.5,8.0
subject839,40.0,100.0,80.0,0.0,20.5,8.0
subject840,80.0,60.0,20.0,0.0,20.5,8.0
subject841,40.0,20.0,80.0,0.0,20.5,8.0
subject842,80.0,20.0,80.0,0.0,20.5,8.0
subject843,60.0,20.0,100.0,0.0,20.5,8.0
subject844,40.0,100.0,20.0,0.0,20.5,8.0
subject845,40.0,40.0,20.0,0.0,20.5,8.0
subject846,80.0,40.0,20.0,0.0,20.5,8.0
subject847,80.0,60.0,20.0,0.0,20.5,8.0
subject848,60.0,40.0,40.0,0.0,20.5,8.0
subject849,80.0,20.0,20.0,0.0,20.5,8.0
subject850,40.0,40.0,20.0,0.0,20.5,8.0
subject851,60.0,20.0,100.0,0.0,20.5,8.0
subject852,60.0,20.0,40.0,0.0,20.5,8.0
subject853,40.0,20.0,20.0,0.0,20.5,8.0
subject854,60.0,100.0,40.0,0.0,20.5,8.0
subject855,60.0,20.0,40.0,0.0,20.5,8.0
subject856,80.0,60.0,100.0,0.0,20.5,8.0
subject857,40.0,100.0,20.0,0.0,20.5,8.0
subject858,60.0,20.0,40.0,0.0,20.5,8.0
subject859,80.0,80.0,40.0,0.0,20.5,8.0
subject860,80.0,20.0,80.0,0.0,20.5,8.0
subject861,40.0,80.0,20.0,0.0,20.5,8.0
subject862,60.0,80.0,20.0,0.0,20.5,8.0
subject863,80.0,100.0,100.0,0.0,20.5,8.0
subject864,80.0,60.0,20.0,0.0,20.5,8.0
subject865,40.0,40.0,20.0,0.0,20.5,8.0
subject866,60.0,20.0,60.0,0.0,20.5,8.0
subject867,40.0,80.0,20.0,0.0,20.5,8.0
subject868,80.0,20.0,40.0,0.0,20.5,8.0
subject869,40.0,100.0,20.0,0.0,20.5,8.0
subject870,60.0,100.0,100.0,0.0,20.5,8.0
subject871,60.0,40.0,100.0,0.0,20.5,8.0
subject872,60.0,40.0,20.0,0.0,20.5,8.0
subject873,40.0,40.0,60.0,0.0,20.5,8.0
subject874,60.0,80.0,20.0,0.0,20.5,8.0
subject875,80.0,40.0,80.0,0.0,20.5,8.0
subject876,60.0,100.0,20.0,0.0,20.5,8.0
subject877,40.0,80.0,100.0,0.0,20.5,8.0
subject878,60.0,40.0,40.0,0.0,20.5,8.0
subject879,60.0,20.0,20.0,0.0,20.5,8.0
subject880,40.0,80.0,80.0,0.0,20.5,8.0
subject881,40.0,20.0,100.0,0.0,20.5,8.0
subject882,60.0,20.0,20.0,0.0,20.5,8.0
subject883,80.0,40.0,100.0,0.0,20.5,8.0
subject884,80.0,20.0,20.0,0.0,20.5,8.0
subject885,40.0,20.0,100.0,0.0,20.5,8.0
subject886,60.0,40.0,80.0,0.0,20.5,8.0
subject887,40.0,20.0,80.0,0.0,20.5,8.0
subject888,60.0,60.0,20.0,0.0,20.5,8.0
subject889,60.0,20.0,20.0,0.0,20.5,8.0
subject890,60.0,80.0,100.0,0.0,20.5,8.0
subject891,80.0,20.0,20.0,0.0,20.5,8.0
subject892,60.0,20.0,20.0,0.0,20.5,8.0
subject893,40.0,100.0,20.0,0.0,20.5,8.0
subject894,80.0,60.0,100.0,0.0,20.5,8.0
subject895,60.0,80.0,60.0,0.0,20.5,8.0
subject896,80.0,40.0,100.0,0.0,20.5,8.0
subject897,60.0,60.0,80.0,0.0,20.5,8.0
subject898,80.0,100.0,100.0,0.0,20.5,8.0
subject899,60.0,20.0,40.0,0.0,20.5,8.0
subject900,60.0,20.0,100.0,0.0,20.5,8.0
subject901,40.0,100.0,100.0,0.0,20.5,8.0
subject902,40.0,100.0,20.0,0.0,20.5,8.0
subject903,60.0,40.0,20.0,0.0,20.5,8.0
subject904,80.0,20.0,100.0,0.0,20.5,8.0
subject905,80.0,100.0,80.0,0.0,20.5,8.0
subject906,40.0,40.0,40.0,0.0,20.5,8.0
subject907,60.0,60.0,80.0,0.0,20.5,8.0
subject908,60.0,60.0,100.0,0.0,20.5,8.0
subject909,40.0,20.0,100.0,0.0,20.5,8.0
subject910,80.0,40.0,60.0,0.0,20.5,8.0
subject911,60.0,100.0,100.0,0.0,20.5,8.0
subject912,40.0,40.0,20.0,0.0,20.5,8.0
subject913,60.0,80.0,80.0,0.0,20.5,8.0
subject914,80.0,20.0,80.0,0.0,20.5,8.0
subject915,40.0,40.0,100.0,0.0,20.5,8.0
subject916,60.0,80.0,80.0,0.0,20.5,8.0
subject917,40.0,20.0,100.0,0.0,20.5,8.0
subject918,60.0,80.0,100.0,0.0,20.5,8.0
subject919,60.0,20.0,80.0,0.0,20.5,8.0
subject920,80.0,40.0,40.0,0.0,20.5,8.0
subject921,40.0,80.0,80.0,0.0,20.5,8.0
subject922,40.0,40.0,20.0,0.0,20.5,8.0
subject923,60.0,80.0,100.0,0.0,20.5,8.0
subject924,40.0,60.0,100.0,0.0,20.5,8.0
subject925,40.0,20.0,60.0,0.0,20.5,8.0
subject926,80.0,20.0,100.0,0.0,20.5,8.0
subject927,60.0,100.0,100.0,0.0,20.5,8.0
subject928,40.0,100.0,20.0,0.0,20.5,8.0
subject929,60.0,60.0,20.0,0.0,20.5,8.0
subject930,60.0,20.0,40.0,0.0,20.5,8.0
subject931,60.0,20.0,20.0,0.0,20.5,8.0
subject932,60.0,100.0,100.0,0.0,20.5,8.0
subject933,80.0,20.0,20.0,0.0,20.5,8.0
subject934,80.0,40.0,20.0,0.0,20.5,8.0
subject935,40.0,40.0,20.0,0.0,20.5,8.0
subject936,80.0,80.0,40.0,0.0,20.5,8.0
subject937,80.0,80.0,100.0,0.0,20.5,8.0
subject938,40.0,40.0,100.0,0.0,20.5,8.0
subject939,80.0,80.0,80.0,0.0,20.5,8.0
subject940,40.0,20.0,80.0,0.0,20.5,8.0
subject941,40.0,60.0,80.0,0.0,20.5,8.0
subject942,60.0,20.0,40.0,0.0,20.5,8.0
subject943,40.0,100.0,100.0,0.0,20.5,8.0
subject944,40.0,20.0,20.0,0.0,20.5,8.0
subject945,60.0,80.0,60.0,0.0,20.5,8.0
subject946,60.0,80.0,40.0,0.0,20.5,8.0
subject947,40.0,80.0,20.0,0.0,20.5,8.0
subject948,60.0,20.0,100.0,0.0,20.5,8.0
subject949,40.0,100.0,80.0,0.0,20.5,8.0
subject950,60.0,100.0,20.0,0.0,20.5,8.0
subject951,40.0,20.0,60.0,0.0,20.5,8.0
subject952,40.0,100.0,100.0,0.0,20.5,8.0
subject953,40.0,100.0,40.0,0.0,20.5,8.0
subject954,40.0,40.0,40.0,0.0,20.5,8.0
subject955,60.0,80.0,60.0,0.0,20.5,8.0
subject956,60.0,80.0,80.0,0.0,20.5,8.0
subject957,40.0,20.0,60.0,0.0,20.5,8.0
subject958,60.0,100.0,40.0,0.0,20.5,8.0
subject959,80.0,40.0,20.0,0.0,20.5,8.0
subject960,60.0,80.0,20.0,0.0,20.5,8.0
subject961,60.0,80.0,40.0,0.0,20.5,8.0
subject962,40.0,20.0,60.0,0.0,20.5,8.0
subject963,40.0,80.0,100.0,0.0,20.5,8.0
subject964,80.0,20.0,20.0,0.0,20.5,8.0
subject965,60.0,40.0,60.0,0.0,20.5,8.0
subject966,60.0,100.0,100.0,0.0,20.5,8.0
subject967,80.0,100.0,20.0,0.0,20.5,8.0
subject968,60.0,80.0,20.0,0.0,20.5,8.0
subject969,60.0,100.0,100.0,0.0,20.5,8.0
subject970,80.0,20.0,60.0,0.0,20.5,8.0
subject971,40.0,100.0,20.0,0.0,20.5,8.0
subject972,40.0,20.0,20.0,0.0,20.5,8.0
subject973,60.0,20.0,20.0,0.0,20.5,8.0
subject974,40.0,20.0,20.0,0.0,20.5,8.0
subject975,80.0,80.0,60.0,0.0,20.5,8.0
subject976,80.0,80.0,100.0,0.0,20.5,8.0
subject977,60.0,100.0,40.0,0.0,20.5,8.0
subject978,80.0,100.0,20.0,0.0,20.5,8.0
subject979,40.0,100.0,20.0,0.0,20.5,8.0
subject980,40.0,20.0,100.0,0.0,20.5,8.0
subject981,60.0,100.0,20.0,0.0,20.5,8.0
subject982,80.0,100.0,20.0,0.0,20.5,8.0
subject983,40.0,60.0,20.0,0.0,20.5,8.0
subject984,40.0,20.0,100.0,0.0,20.5,8.0
subject985,80.0,100.0,60.0,0.0,20.5,8.0
subject986,60.0,100.0,60.0,0.0,20.5,8.0
subject987,80.0,40.0,100.0,0.0,20.5,8.0
subject988,80.0,20.0,100.0,0.0,20.5,8.0
subject989,80.0,80.0,80.0,0.0,20.5,8.0
subject990,60.0,40.0,20.0,0.0,20.5,8.0
subject991,40.0,100.0,100.0,0.0,20.5,8.0
subject992,80.0,20.0,20.0,0.0,20.5,8.0
subject993,60.0,80.0,100.0,0.0,20.5,8.0
subject994,80.0,80.0,20.0,0.0,20.5,8.0
subject995,60.0,20.0,80.0,0.0,20.5,8.0
subject996,60.0,60.0,60.0,0.0,20.5,8.0
subject997,60.0,100.0,20.0,0.0,20.5,8.0
subject998,80.0,100.0,20.0,0.0,20.5,8.0
subject999,80.0,40.0,80.0,0.0,20.5,8.0
